,Unnamed: 0,tweet_id,date,text,user,preproc
0,0,1532148597231329281,2022-06-01 23:54:26+00:00,"@ibiapina_ju Pra mim, liberou. N√£o sou do Javascript... aqui √© C/C++, Python, Java, GO Lang, Shell Script. Ent√£o, deve ser aleat√≥rio! Kkkkk kkkkk kkkkk kkkkk kkkkk",WillianBR,ibiapina_ju pra mim liberar javascript c c python java go lang shell script aleat√≥rio kkkkk kkkkk kkkkk kkkkk kkkkk
1,1,1532148392406786048,2022-06-01 23:53:37+00:00,// tenho um hc muito foda em que o Python ficou viciado em Paula Pimenta por culpa da Agatha e do Kyler,PythonMamba1,hc foder python ficar viciar paula pimenta culpar agatha kyler
2,2,1532146808729788416,2022-06-01 23:47:19+00:00,minha linguagem de amor √© python e java,Kaiocidral,linguagem amor python java
3,3,1532146770423209989,2022-06-01 23:47:10+00:00,"// mt foda cenar com o Kyler e com o Python ao mesmo tempo

de um lado temos o Kyler, hiperativo e extrovertidasso, conversando cm geral e gritando, cheio de g√≠ria 

e do outro temos o Python, todo fofinho, introvertido e fala formalmente",PythonMamba1,mt foder cenar kyler python kyler hiperativo extrovertidasso conversar cm gritar cheio g√≠rio outro python fofo introverter falir formalmente
4,4,1532145585641377792,2022-06-01 23:42:28+00:00,"@paulaopnions Oloco! Python √© a mais f√°cil de aprender (dizem, simplesmente acreditei). Voc√™ trabalha com isso amg?",bi_dickinson,paulaopnions oloco python f√°cil aprender simplesmente acreditar trabalhar amg
5,5,1532144663469096961,2022-06-01 23:38:48+00:00,O pior de tudo √© que eu to achando f√°cil porque estudei um pouco de Python ano passado (durante um breve surto em que pensei em largar o mestrado) e agora t√° vindo a calhar,rafaelhett,mal to achar f√°cil estudar python ano passar durante surtir pensar largar mestrado t√° calhar
6,6,1532143902039453697,2022-06-01 23:35:46+00:00,o diagn√≥stico √© de teoria. quest√£o 1a: como essa equa√ß√£o poderia ser resolvida em python,tepiferreira,diagn√≥stico teoria equa√ß√£o poder resolvido python
7,7,1532142400461803521,2022-06-01 23:29:48+00:00,"@FelippeRegazio Cara, tem gente que literalmente vive disso. Eu j√° fui MUITO bom, apesar de n√£o usar praticamente nada de VB, fiz planilhas cabulosas pra resolver n problemas. E eu programo, j√° fui dev profissional, j√° programei em C, C++, Python, etc. Tem problemas pros quais Excel √© a solu√ß√£o.",carribeiro,felipperegazio caro gente literalmente viver apesar praticamente vb fazer planilhas cabulosas pra resolver n problema programar dev profissional programar c c python etc problema pros excel solu√ß√£o
8,8,1532142375694487552,2022-06-01 23:29:42+00:00,Nunca imaginei que ia fazer prova de Python no papel,petryxxx,imaginar ir provar python papel
9,9,1532141917420539905,2022-06-01 23:27:53+00:00,python eu te odeio eu te odeio,nicotrombeste,python odiar odiar
10,10,1532140504212807681,2022-06-01 23:22:16+00:00,"Vaga de est√°gio home office na BLU. Conhecimentos b√°sicos de Python e SQL. üôè

https://t.co/JYAqG0zrXP

cc @sseraphini 
@ViUmaVaga 
#bolhadev",futuro_d3v,vago est√°gio home office blu conhecimento b√°sico python sql https t co jyaqg zrxp c sseraphini viumavaga bolhadev
11,11,1532136720845705224,2022-06-01 23:07:14+00:00,"@mikaacaroline Uma python n√£o √© venenosa, igual a mim, somente linda, invejosa u-u",elfo_jeangolas,mikaacaroline python venenoso igual mim lindo invejoso u u
12,12,1532134489144578050,2022-06-01 22:58:22+00:00,"@mechamoshin Calma. Voc√™ quer R ou python? 
Quando for postar alguma d√∫vida poste utilizando #RStats q ai d√£o rt.",Takaitakuji,mechamoshin calmo r python postar algum d√∫vida postar utilizar rstats q ai rt
13,13,1532133344728817672,2022-06-01 22:53:49+00:00,@luzfcb @calalleni @lskbr @dunossauro @fmasanori @PyLadiesBrasil @InspirAdaNaComp Todas as dicas do @luzfcb s√£o bem v√°lidas. Os casos de uso da programa√ß√£o na √°rea de direito tbm. Trabalhei um tempo numa empresa do setor e era por ai que us√°vamos programa√ß√£o.  Python √© uma linguagem mto boa pq d√° pra vc usar para fazer bastante coisa interessante. (1),Lidy_Monteiro,luzfcb calalleni lskbr dunossauro fmasanori pyladiesbrasil inspiradanacomp dica luzfcb v√°lido caso usar programa√ß√£o direito tbm trabalhar empresar setor ai usar programa√ß√£o python linguagem mto pq pra vc interessante
14,14,1532131232091455489,2022-06-01 22:45:26+00:00,"comecei a me envolver com drogas pesadas‚Ä¶

‚Ä¶curso de programa√ß√£o em python",taveirao,come√ßar envolver drogar pesar cursar programa√ß√£o python
15,15,1532129940229042176,2022-06-01 22:40:18+00:00,"acabei de come√ßar em HTML e css, por enquanto eu t√¥ amando, ser√° q eu vou pirar igual foi nos meses finais do meu aprendizado em python?",Wosn027,acabar come√ßar html css t√¥ amar ser q ir pirar igual finar aprendizado python
16,16,1532128504195821569,2022-06-01 22:34:35+00:00,"Perfil do @rochacbruno, que √© um grande contribuir com ferramentas e plugins para Python (Dynaconf, python-project-template), al√©m de ajudar em confer√™ncias e cria√ß√£o de conte√∫do na √°rea

https://t.co/9JTpHtUBpf",cmaiacd,perfil rochacbruno contribuir ferramenta plugins python dynaconf python project template ajudar confer√™ncia cria√ß√£o conte√∫do https t co jtphtubpf
17,17,1532127918436061188,2022-06-01 22:32:15+00:00,"Daqui a pouco vamos conversar com o Macca, baixista do Detonautas, que √© m√≥ f√£ de cultura pop e de Monty Python tbm!!
No canal do Monty Python Brasil. Entra l√°!!

Link nos coment√°rios https://t.co/tuYSSZVc6V",andartolo,daqui ir conversar macca baixista detonautas m√≥ f√£ cultura pop monty python tbm canal monty python brasil entrar link coment√°rio https t co tuysszvc v
18,18,1532126173773406208,2022-06-01 22:25:20+00:00,As vezes o mundo parece uma esquete do Monty Python,mor_fati_,mundo esquete monty python
19,19,1532124915473821700,2022-06-01 22:20:20+00:00,"WebApp JS

Este √© um pequeno modelo de App usando as tecnologias WebStack.
Foram diversas ocasi√µes em que tive de usar a programa√ß√£o para agilizar a introdu√ß√£o de dados e c√°lculos.

#javascript #python #ispol

https://t.co/OHu6sQyNxl",JCoimbras,webapp js pequeno modelar app usar tecnologia webstack diverso ocasi√£o programa√ß√£o agilizar introdu√ß√£o dar c√°lculo javascript python ispol https t co ohu sqynxl
20,20,1532123696600588290,2022-06-01 22:15:29+00:00,Algu√©m de machine learning aqui? Uma multivariate regression tree √© a mesma coisa que uma decision tree? O pacote do R pra faze mrt eh mt antigo dai queria sabe se n tem no python rs.,mechamoshin,algu√©m machine learning multivariate regression tree mesmo decision tree pacote r pra fazer mrt eh mt antigo dar querer n python rs
21,21,1532121241552822278,2022-06-01 22:05:44+00:00,"se eu pudesse aprenderia React enquanto estudo Python, me dedico a JS, e me aprofundo nos conhecimentos de Hardware...",JorgeKasowski,poder aprender react estudar python dedicar js aprofundar conhecimento hardware
22,22,1532121020890497025,2022-06-01 22:04:51+00:00,Glr de ci√™ncias da computa√ß√£o macetando um python e a glr da ENG de computa√ß√£o sendo macetada por C,Glayber16,glr ci√™ncia computa√ß√£o macetar python glr eng computa√ß√£o ser macetar c
23,23,1532120703486468096,2022-06-01 22:03:35+00:00,"üì£ Nova Oportunidade!

üßë‚Äçüíª S√™nior em #powershell e #python
üèôÔ∏è Skaylink Brasil
ü™ô R$¬†5.920
üìç Florian√≥polis, SC

Candidate-se agora! https://t.co/psj02vws9U

#empregos #jobs #vagas #tecnologia",Tecnovagas1,oportunidade s√™nior powershell python skaylink brasil r florian√≥polis sc candidatar https t co psj vws u emprego jobs vago tecnologia
24,24,1532120689347506176,2022-06-01 22:03:32+00:00,"üì£ Nova Oportunidade!

üßë‚Äçüíª J√∫nior em #powershell e #python
üèôÔ∏è Skaylink Brasil
ü™ô R$¬†2.240
üìç Florian√≥polis, SC

Candidate-se agora! https://t.co/l3RXl1UQCH

#empregos #jobs #vagas #tecnologia",Tecnovagas1,oportunidade j√∫nior powershell python skaylink brasil r florian√≥polis sc candidatar https t co l rxl uqch emprego jobs vago tecnologia
25,25,1532120121577177090,2022-06-01 22:01:17+00:00,"@import_robs @Emilio_Vaz05 Mas o que voc√™s usam?!?!? C, Fortran, Python, Julia?",Velho_Tonto,import_robs emilio_vaz usar c fortran python julia
26,26,1532119799320412162,2022-06-01 22:00:00+00:00,E n√© kk #bolhadev #javascript #python #webdeveloper https://t.co/pKLaRhWajh,CobeClub,n√© k bolhadev javascript python webdeveloper https t co pklarhwajh
27,27,1532119414040150019,2022-06-01 21:58:28+00:00,"Comecei a mexer um pouquinho com Python em 2018, mas depois parei... t√¥ bolada, sou mt burra ü§¶üèª‚Äç‚ôÄÔ∏è",laranprog,come√ßar mexer pouco python parar t√¥ bolar mt burro
28,28,1532119186671128576,2022-06-01 21:57:34+00:00,"@buzz_ladino Aparentemente esses softwares tem tudo interface com python kkk, eh bom demais pra automatizar msm. Que area vc ta trabalhando?",henriquecaetan2,buzz_ladino aparentemente software interface python kkk eh pra automatizar msm area vc ta trabalhar
29,29,1532119058543411200,2022-06-01 21:57:03+00:00,"T√¥ triste, apaguei uma apostila antiga de estudos em Python q eu tinha montado sem querer ü§°ü§°ü§°ü§°ü§°",laranprog,t√¥ triste apagar apostila antigo estudo python q ter montar querer
30,30,1532117335825342467,2022-06-01 21:50:12+00:00,"@letxzz_ Python √© muito bom, d√° pra aprender o basico em 2 meses, comparado a outras linguagens",Vinnybrunn00,letxzz _ python pra aprender basico comparar linguagem
31,31,1532114997433835521,2022-06-01 21:40:55+00:00,meu deus odeio o discord  odeio python odeio tudo,queijune,deus odiar discord odiar python odiar
32,32,1532113363332907008,2022-06-01 21:34:25+00:00,@henriquecaetan2 To usando python tb mas s√≥ pra automatizar as simula√ß√µes q eu fa√ßo no pscad,buzz_ladino,henriquecaetan to usar python tb pra automatizar simula√ß√£o q pscad
33,33,1532112968816762880,2022-06-01 21:32:51+00:00,estes erros do python v√£o ser a minha 13th reason istg,proudlydead,erro python th reason istg
34,34,1532112768886775808,2022-06-01 21:32:04+00:00,se eu tive que programar em alguma linguagem que nao seja python nessa prova nao responderei por meus atos,cygnusope,programar algum linguagem nao ser python provar nao responder atos
35,35,1532111529214083072,2022-06-01 21:27:08+00:00,"@gustac01 @BolhaTech mas se vc for tipo muito pika em python pode tentar o mercado sem medo, o sal√°rio tmb de programador de python √© alto pra krl vale a pena",Lust_mss,gustac bolhatech vc pika python mercar medo sal√°rio tmb programador python alto pra krl valer peno
36,36,1532111217329946625,2022-06-01 21:25:54+00:00,"DICA! A Bloomberg vai oferecer um curso gratuito de Python e BQuant para mulheres do mercado financeiro. S√£o 50 vagas. O lan√ßamento do programa ser√° nesta quinta-feira (2), √†s 11h com um painel de mulheres especialistas. √â de gra√ßa! 

Link: https://t.co/AuVnwMEV9u",capitaldigital,dica bloomberg oferecer cursar gratuito python bquant mulher mercar financeiro vago lan√ßamento programar ser feirar h painel mulher especialista gra√ßa link https t co auvnwmev u
37,37,1532105050939613186,2022-06-01 21:01:23+00:00,"de cara que um amigo do meu colega do projeto simplesmente pegou uma vaga pl√™no sem experiencia profissional com python e java na fodendo globo, enquanto eu to aqui fudido",BlazingWizzard_,caro amigar colega projeto simplesmente pegar vago pl√™no experiencia profissional python java foder globo to fudido
38,38,1532104792809652224,2022-06-01 21:00:22+00:00,"Novos v√≠deos:
üîπIngl√™s e Intelig√™ncia Artificial: Pron√∫ncia termos Algoritmos Gen√©ticos;
üîπIngl√™s e Intelig√™ncia Artificial: Pron√∫ncia termos Vis√£o Computacional.

Saiba mais: https://t.co/Qc9kgNPJOG

#inteligenciaartificial #python #algoritmosgeneticos #visaocomputacional https://t.co/uqrogymICU",iaexpertacademy,v√≠deo ingl√™s intelig√™ncia artificial pron√∫ncia termo algoritmo gen√©tico ingl√™s intelig√™ncia artificial pron√∫ncia termo vis√£o computacional saber https t co qc kgnpjog python https t co uqrogymicu
39,39,1532104641357434882,2022-06-01 20:59:46+00:00,@aboutmesquita Escreve minha automa√ß√£o em python a√≠ rapidinho,mark96got,aboutmesquita escrever automa√ß√£o python rapidinho
40,40,1532102393323835393,2022-06-01 20:50:50+00:00,@ItsSince79 HOJE python n√£o seria mais neg√≥cio pra come√ßar?,vfbsilva,itssince hoje python neg√≥cio pra come√ßar
41,41,1532101352909938689,2022-06-01 20:46:42+00:00,@Unidosdados Vc acha que o uso de R/Python vai ser usado por todas as √°reas ou √© mais hype e dps vai acabar ficando s√≥ com um nicho? Hoje na empresa informaram que v√£o financiar curso de Power BI para todos os funcion√°rios. Acho que pra quem n√£o √© tech esse caminho parece mais realista,ilfinancista,unidosdados vc achar usar r python usar √°rea hype dps acabar ficar nicho hoje empresar informar financiar cursar power bi funcion√°rio achar pra tech realistar
42,42,1532100406595227648,2022-06-01 20:42:56+00:00,"@heitordelima D3 √© uma biblioteca js, no caso vc codaria em python pra chamar o D3 que vai fazer s√≥ a visualiza√ß√£o... Enfim, qndo a gente compra com esses pacotes at√© o Tableau vira uma alternativa vi√°vel pra algo r√°pido...",notyourjaq,heitordelima d biblioteca js casar vc codaria python pra chamar d visualiza√ß√£o enfim qndo gente comprar pacote tableau virar alternativo vi√°vel pra r√°pido
43,43,1532095902709858304,2022-06-01 20:25:02+00:00,@SrMillionerd Fiz esse da√≠ e tudo que sei de Python se resume a ele.,caduzaodamassa,srmillionerd fazer da√≠ python resumir
44,44,1532093720039940097,2022-06-01 20:16:22+00:00,"@notyourjaq N√£o conhecia esse D3, muito interessante. Pq voc√™ precisaria desse python no meio do caminho a√≠?",heitordelima,notyourjaq conhecer d interessante pq precisar python
45,45,1532092851890307075,2022-06-01 20:12:55+00:00,@errorNumber09 o problema √© que python n√£o presta pra interface gr√°fica,pattstarlight,errornumber problema python presto pra interface gr√°fico
46,46,1532092810832248836,2022-06-01 20:12:45+00:00,"@heitordelima E √© MUITO bo fazer Python pra executar R e visualizar em D3...
At√© o fim do ano eu pego a certifica√ß√£o da Microsoft meio q √† contragosto mas aceitando pela simplicidade. Mas um ambiente R direto ia ser ""lindimais""...",notyourjaq,heitordelima bo python pra executar r visualizar d ano pegar certifica√ß√£o microsoft q contragosto aceitar simplicidade ambientar r direto ir lindimais
47,47,1532092155698810880,2022-06-01 20:10:09+00:00,Toda vez q eu uso o Python pra fazer um c√°lculo simples me sinto como se estivesse usando uma bazuca pra matar um mosquito üòÇüòÇüòÇ,Nondas1,q usar python pra c√°lculo simples sentir estar usar bazuca pra matar mosquito
48,48,1532090991863287808,2022-06-01 20:05:31+00:00,"üìö Dica 1 para conciliar o trabalho e os estudos: fa√ßa um planejamento semanal, incluindo os momentos reservados para o estudo alternados ao trabalho (dia e hor√°rio).

#dev #javascript #python #rubyonrails #vuejs",caiena_dev,dica conciliar trabalhar estudo fazer planejamento semanal incluir momento reservar estudar alternar trabalhar dia hor√°rio dev javascript python rubyonrails vuejs
49,49,1532090988201664512,2022-06-01 20:05:31+00:00,"Quer dicas para equilibrar a rotina de trabalho com os estudos sobre desenvolvimento? üìö Ent√£o siga o fio! üß∂

#dev #javascript #python #rubyonrails #vuejs",caiena_dev,dica equilibrar rotina trabalhar estudo desenvolvimento seguir fiar dev javascript python rubyonrails vuejs
50,50,1532089235586572290,2022-06-01 19:58:33+00:00,"Agora √© s√©rio, eu refiz todo o python, se faltar algum linha nesse rol√™ eu mato algu√©m",IginoOBrabo,s√©rio refazer python faltar algum linha rol√™ matar algu√©m
51,51,1532087640836943872,2022-06-01 19:52:13+00:00,To querendo fazer umas Lives estudando sobre uma linguagem de programa√ß√£o tomar coragem na cara hoje. Quero muito me aprofundar em Python para analise de dados ( tenho pouco conhecimento em Programa√ß√£o) espero que de certo vou fazer lives todos os dias as 20h no horario de SP,obigodeme,to querer lives estudar linguagem programa√ß√£o tomar coragem caro hoje aprofundar python analisar dar conhecimento programa√ß√£o esperar certar ir lives dia h horario sp
52,52,1532087549807710209,2022-06-01 19:51:51+00:00,BairesDev oferece vaga para Sergipe-SEDesenvolvedor Python Aut√™ntico Trabalho Remoto Ref 0071P https://t.co/027MpAw18w,infojobsTI,bairesdev oferecer vago sergipe sedesenvolvedor python aut√™ntico trabalhar remoto ref p https t co mpaw w
53,53,1532087332882591745,2022-06-01 19:50:59+00:00,BairesDev oferece vaga para Mato Grosso do Sul-MSDesenvolvedor Python Aut√™ntico Trabalho Remoto Ref 0071P https://t.co/aAQgWAL6bM,infojobsTI,bairesdev oferecer vago matar grosso sul msdesenvolvedor python aut√™ntico trabalhar remoto ref p https t co aaqgwal bm
54,54,1532087289417019396,2022-06-01 19:50:49+00:00,BairesDev oferece vaga para Par√°-PADesenvolvedor Python Aut√™ntico Trabalho Remoto Ref 0071P https://t.co/mPbZEkd0HD,infojobsTI,bairesdev oferecer vago parar padesenvolvedor python aut√™ntico trabalhar remoto ref p https t co mpbzekd hd
55,55,1532087252544851974,2022-06-01 19:50:40+00:00,BairesDev oferece vaga para Piau√≠-PIDesenvolvedor Python Aut√™ntico Trabalho Remoto Ref 0071P https://t.co/RwBsL7HkxP,infojobsTI,bairesdev oferecer vago piau√≠ pidesenvolvedor python aut√™ntico trabalhar remoto ref p https t co rwbsl hkxp
56,56,1532087246777683969,2022-06-01 19:50:39+00:00,BairesDev oferece vaga para Amazonas-AMDesenvolvedor Python Aut√™ntico Trabalho Remoto Ref 0071P https://t.co/ajM7zGZdJH,infojobsTI,bairesdev oferecer vago amazona amdesenvolvedor python aut√™ntico trabalhar remoto ref p https t co ajm zgzdjh
57,57,1532087223985881089,2022-06-01 19:50:33+00:00,BairesDev oferece vaga para S√£o Paulo-SPDesenvolvedor Python Aut√™ntico Trabalho Remoto Ref 0071P https://t.co/eGewxJ6fGU,infojobsTI,bairesdev oferecer vago paulo spdesenvolvedor python aut√™ntico trabalhar remoto ref p https t co egewxj fgu
58,58,1532086161149141001,2022-06-01 19:46:20+00:00,Certeza que esse professor de filosofia √© usu√°rio de python.,MMVianakj,professor filosofia usu√°rio python
59,59,1532085770248507394,2022-06-01 19:44:47+00:00,"comecei a aprender programa√ß√£o por python pq todo mundo disse que √© mais f√°cil 

??? eu so burra ent√£o, decretado",odeiootaku_,come√ßar aprender programa√ß√£o python pq mundo dizer f√°cil so burro decretar
60,60,1532083198133518336,2022-06-01 19:34:33+00:00,"@gwidion @adorilson @dunossauro @rochacbruno @PotHix Python faz isso desse jeito j√° faz algum tempo. √â s√≥ ver a DB-API, WSGI, ASGI, ... Acho um jeito inteligente de lidar com diferentes necessidades: padroniza o que √© consenso e deixa os implementadores se quebrarem üôÇ",osantana,gwidion adorilson dunossauro rochacbruno pothix python jeito algum db api wsgi asgi achar jeito inteligente lidar diferente necessidade padronizar consenso deixar implementadores quebrar
61,61,1532082416764043267,2022-06-01 19:31:27+00:00,Finalmente meu certificado de Python saiu üôåüèªüôåüèªüôåüèª,belasoussa,finalmente certificar python sair
62,62,1532082192066781184,2022-06-01 19:30:33+00:00,"@raelmax Eu gosto dos type hints. Eu s√≥ vejo eles me ajudando e nunca atrapalhando, ent√£o √© bom.

Acho que passei tempo demais no Java antes de voltar pro python. O complicado √© conseguir tipar corretamente usando generics do Java e com o Sonar reclamando quando voc√™ usa wildcard.",vbmendes,raelmax gostar type hints ver ajudar atrapalhar achar passar java voltar pro python complicar conseguir tipar corretamente usar generics java sonar reclamar wildcard
63,63,1532081186142662656,2022-06-01 19:26:34+00:00,"@dqsandinnertext @BolhaTech substitua null por qualquer que seja a entidade que define vazio explicitamente na linguagem (no caso do python, seria None) (no caso do JS, seria null) e assim por diante",marcell_mz,dqsandinnertext bolhatech substituir null ser entidade definir vaziar explicitamente linguagem casar python none casar js null
64,64,1532080896966553600,2022-06-01 19:25:25+00:00,"@dqsandinnertext @BolhaTech eu sigo o padr√£o do lint do python: consist√™ncia.

se √© uma fun√ß√£o sem nenhum return al√©m do seu vazio, boto s√≥ ""return"" com undefined impl√≠cito

se √© uma fun√ß√£o com outros ""return algo"" ent√£o eu coloco ""return null"" pra seguir o padr√£o de ""algo"", vazio expl√≠cito √© sempre null",marcell_mz,dqsandinnertext bolhatech seguir padr√£o lint python consist√™ncia fun√ß√£o nenhum return vaziar botar return undefined impl√≠cito fun√ß√£o return colocar return null pra seguir padr√£o vaziar expl√≠cito null
65,65,1532079067377258496,2022-06-01 19:18:08+00:00,"@_lluscas_ Me mandaram um e-mail oferecendo um trabalho pra mexer com uns neg√≥cios de Python, at√© era interessante mas eu n√£o gosto de Python e na verdade eu recusei mais por causa do hor√°rio que n√£o ia dar muito certo",dimasdecastro,mandar mail oferecer trabalhar pra mexer neg√≥cio python interessante gostar python verdade recusar causar hor√°rio ir certar
66,66,1532075026039586817,2022-06-01 19:02:05+00:00,"Vaguinha passando na sua tl! üë®‚Äçüíªüó£Ô∏èüì£

#bolhadev #python

Repo: backendbr
Postado em: 01/06/2022
Tags: CLT - PHP - Python

Descri√ß√£o da vaga: 
Esta √© uma vaga de um parceiro da plataforma Coodesh, ao candidatar-s...

Link: https://t.co/5BM54wrkkM",tech_diobis,vaguinha passar tl bolhadev python repo backendbr postar tags clt php python descri√ß√£o vago vago parceiro plataforma coodesh candidatar s link https t co bm wrkkm
67,67,1532074776222744576,2022-06-01 19:01:05+00:00,BairesDev oferece vaga para Mato Grosso do Sul-MSDesenvolvedor Python Jedi Trabalho Remoto Ref 0071P https://t.co/DbF2tMX2eg,infojobsTI,bairesdev oferecer vago matar grosso sul msdesenvolvedor python jedi trabalhar remoto ref p https t co dbf tmx eg
68,68,1532074661944643585,2022-06-01 19:00:38+00:00,BairesDev oferece vaga para S√£o Paulo-SPDesenvolvedor Python Jedi Trabalho Remoto Ref 0071P https://t.co/GdutXcAJ2m,infojobsTI,bairesdev oferecer vago paulo spdesenvolvedor python jedi trabalhar remoto ref p https t co gdutxcaj m
69,69,1532074081838723072,2022-06-01 18:58:20+00:00,no meu caso v√£o ser uns programas de m√©dia em python kkkkkkk https://t.co/7pd6puLkGC,ThunderShout,casar programar m√©dio python kkkkkkk https t co pd pulkgc
70,70,1532071248205053952,2022-06-01 18:47:04+00:00,"Vaguinha passando na sua tl! üë®‚Äçüíªüó£Ô∏èüì£

#bolhadev #python

Repo: backendbr
Postado em: 01/06/2022
Tags: CLT - PHP - Python

Descri√ß√£o da vaga: 
Esta √© uma vaga de um parceiro da plataforma Coodesh, ao candidatar-s...

Link: https://t.co/5BM54wrSak",tech_diobis,vaguinha passar tl bolhadev python repo backendbr postar tags clt php python descri√ß√£o vago vago parceiro plataforma coodesh candidatar s link https t co bm wrsak
71,71,1532069600216895488,2022-06-01 18:40:31+00:00,"@itsmeirineu Oxe, que nd, python √© pra amador, o neg√≥cio √© brainfuck:
https://t.co/OEj1kdELYS",sseveein,itsmeirineu oxe nd python pra amador neg√≥cio brainfuck https t co oej kdelys
72,72,1532067392393605120,2022-06-01 18:31:45+00:00,"t√¥ programando em python, mas l√≥gica de programa√ß√£o √© um ngc incr√≠vel",gaaardenn,t√¥ programar python l√≥gico programa√ß√£o ngc incr√≠vel
73,73,1532065997204508673,2022-06-01 18:26:12+00:00,"@ViUmaVaga Traz vagas para ""j√∫nior"" e ""trainee"" principalmente para Javascript, React e Python. A√≠ o bot ficar√° bastante busy!",vinnizius,viumavaga trazer vago j√∫nior trainee principalmente javascript react python bot ficar busy
74,74,1532064549158805504,2022-06-01 18:20:27+00:00,"Iniciando meu terceiro curso de Python. Desta vez um gratuito do Youtube, do Curso em v√≠deo. Agora vai!

T√¥ frustrado! Mas prometi que este ano aprenderia Python e n√£o vou recuar nessa porra.",CandangoMA,iniciar cursar python gratuito youtube cursar v√≠deo t√¥ frustrar prometer ano aprender python ir recuar porra
75,75,1532062721696378881,2022-06-01 18:13:11+00:00,"Agora vou tentar algumas altera√ß√µes com o Selenium no Python.
E com o VirtualDisplay",plini_o,ir altera√ß√£o selenium python virtualdisplay
76,76,1532062295576092672,2022-06-01 18:11:30+00:00,"a prfessra da cadeira de python passou uma atividade foda sobre python, prolog, java e alguns fundamentos de programa√ß√£o e a galera foi reclamar no grupo da sala, falando que alguns conteudos nao foram dados. ai ela mandou um ""mas isso √© logica de programa√ß√£o vcs devem saber""",felipeirasss,prfessra cadeira python passar atividade foder python prolog java fundamento programa√ß√£o galera reclamar sala falar conteudos nao dar ai mandar logica programa√ß√£o vcs
77,77,1532062189749784577,2022-06-01 18:11:05+00:00,"@osantana Eu que fui criado no Java e acabei no PHP, curti quando a linguagem ganhou suporte a tipos. Mas posso estar fazendo uma compara√ß√£o tosca pq n√£o sei se os tipos do Python s√£o como Typescript, que n√£o valem (quase) nada em execu√ß√£o porque no final das contas vira tudo Javascript.",gstrb,osantana criar java acabar php curtir linguagem ganhar suportar tipo fazer compara√ß√£o tosco pq tipo python typescript valer quase execu√ß√£o contar virar javascript
78,78,1532062069918662656,2022-06-01 18:10:36+00:00,Uma semana que estou tentando colocar o crawler em produ√ß√£o. J√°  fiz e refiz vers√µes em Python e JavaScript.,plini_o,semana tentar colocar crawler produ√ß√£o fazer refazer vers√£o python javascript
79,79,1532060960789516289,2022-06-01 18:06:12+00:00,@danilologic √â bem em python mesmo kkkkk,thiagomcosta8,danilologic python kkkkk
80,80,1532059923273875457,2022-06-01 18:02:04+00:00,"Vaguinha passando na sua tl! üë®‚Äçüíªüó£Ô∏èüì£

#bolhadev #python

Repo: backendbr
Postado em: 01/06/2022
Tags: CLT - Pleno - Python

Sobre a Passei Direto

Prazer, somos a **PD**, parte do ecossistema **UOL EdTech** e ...

Link: https://t.co/L8wjRR5DC1",tech_diobis,vaguinha passar tl bolhadev python repo backendbr postar tags clt pleno python passar direto prazer pd ecossistema uol edtech link https t co l wjrr dc
81,81,1532059657199849472,2022-06-01 18:01:01+00:00,"Ser√° que fa√ßo videos de tutoriais de Git/Github, Java, Python, dados e outras coisas que sei?",pedroivo_vh,ser video tutorial git github java python dar coisa
82,82,1532058559428456448,2022-06-01 17:56:39+00:00,"Pandas is magical!!!
#Python 
#I4G 
#100DaysOfCode 
#IngressiveForGood
#DataScience 
#Datacamp",NjiChe1,pando is magical python ir g daysofcode datascience datacamp
83,83,1532056148462796801,2022-06-01 17:47:04+00:00,"Vaguinha passando na sua tl! üë®‚Äçüíªüó£Ô∏èüì£

#bolhadev #python

Repo: backendbr
Postado em: 01/06/2022
Tags: CLT - Pleno - Python

Sobre a Passei Direto

Prazer, somos a **PD**, parte do ecossistema **UOL EdTech** e ...

Link: https://t.co/L8wjRQNunT",tech_diobis,vaguinha passar tl bolhadev python repo backendbr postar tags clt pleno python passar direto prazer pd ecossistema uol edtech link https t co l wjrqnunt
84,84,1532053928824774658,2022-06-01 17:38:15+00:00,"@osantana @FilipeCifali o pior mesmo √© gente qu echga no ""dia 0"" de ensinar Python e j√° mostra fun√ß√µes assim. desculpa, ""gente"" n√£o: esses seres a√≠ n√£o s√£o gente n√£o.",gwidion,osantana filipecifali mal gente qu echga dia ensinar python mostrar fun√ß√£o desculpar gente ser gente
85,85,1532051892066476039,2022-06-01 17:30:09+00:00,"O cara reclama de Java, C# e PHP
dai vai ver a linguagem que ele gosta: python
tenha santa paci√™ncia.",Garchy7,caro reclamar java c php dar linguagem gostar python ter santo paci√™ncia
86,86,1532051757412626438,2022-06-01 17:29:37+00:00,"@KonaiTech Uma Vaga para um profissional com toda essa expertise? S√™nior em cinco linguagens C++, GoLang, Kotlyn, Python e TypeScript?",AgroecologyMap,konaitech vago profissional expertise s√™nior linguagem c golang kotlyn python typescript
87,87,1532050928706142211,2022-06-01 17:26:20+00:00,"Vieram me abordar no LinkedIn pra uma vaga de Python pq tenho muito o perfil! 
N√£o tenho nenhuma experi√™ncia com python e nem tenho vontade hehehe",jotapemd,vir abordar linkedin pra vago python pq perfil experi√™ncia python vontade hehehe
88,88,1532050370448465922,2022-06-01 17:24:07+00:00,"obrigado python, me fazendo fazer um jogo de jokenpo com computador, pra mostrar o qu√£o eu sou sozinho

@BolhaTech https://t.co/2ztebGCMdw",leofariavx,python fazer jogar jokenpo computador pra mostrar qu√£o s√≥ bolhatech https t co ztebgcmdw
89,89,1532047954105729024,2022-06-01 17:14:30+00:00,"J√° faz tempo que estou codando com anota√ß√£o de tipos em Python . Recentemente, por usar FastAPI/Pydantic, o uso de annotations √© praticamente compuls√≥rio.

Ainda n√£o vi ganhos. Pelo contr√°rio. Programar na minha linguagem favorita, que antes era prazeroso, se tornou em sofrimento",osantana,codando anota√ß√£o tipo python recentemente fastapi pydantic usar annotations praticamente compuls√≥rio vir ganho contr√°rio programar linguagem favorito prazeroso tornar sofrimento
90,90,1532045967410839554,2022-06-01 17:06:37+00:00,"Vaga: Desenvolvedor BackEnd JUNIOR

Requisitos: conhecimento avan√ßado em Python 

ü§°ü§°ü§°",http_peach2511,vago desenvolvedor backend junior requisito conhecimento avan√ßar python
91,91,1532045353784164353,2022-06-01 17:04:11+00:00,"@calalleni @lskbr @dunossauro @fmasanori @PyLadiesBrasil @InspirAdaNaComp @Lidy_Monteiro Tem a lista de email oficial da Python Brasil no Google Groups:
https://t.co/SEp76A0T5X
(basicamente √© s√≥ vc se inscriver e depois mandar email com sua duvida para python-brasil@googlegroups.com )",luzfcb,calalleni lskbr dunossauro fmasanori pyladiesbrasil inspiradanacomp lidy_monteiro lista email oficial python brasil google groups https t co sep t x basicamente vc inscriver mandar email duvidar python brasil googlegroups
92,92,1532044834223054851,2022-06-01 17:02:07+00:00,"@calalleni @lskbr @dunossauro @fmasanori Se voc√™ tiver duvidas, e precisar de ajuda, sempre pode contar com as mulheres do @PyLadiesBrasil  @InspirAdaNaComp 
(@Lidy_Monteiro vou summonar vc aqui. Se tiver alguma dica para a Helena de comunidade Python em Minas)",luzfcb,calalleni lskbr dunossauro fmasanori ter duvidar precisar ajudar contar mulher pyladiesbrasil inspiradanacomp lidy_monteiro ir summonar vc ter algum dica heleno comunidade python minar
93,93,1532044426968805378,2022-06-01 17:00:30+00:00,"Django Developer (junior) @ Advertio

https://t.co/IVyRgg65QQ

#Django #Python #workfromhome #remotework #remote",remotefportugal,django developer junior advertio https t co ivyrgg q django python workfromhome remotework remote
94,94,1532044425936920576,2022-06-01 17:00:29+00:00,"Django Developer (mid/senior) @ Advertio

https://t.co/eJa7z6k4FW

#Django #Python #workfromhome #remotework #remote",remotefportugal,django developer mid senior advertio https t co eja z k fw django python workfromhome remotework remote
95,95,1532043280120160256,2022-06-01 16:55:56+00:00,"@Uzyboy_ √â que tem outras t√©cnicas pra isso

No caso do python, ele √© muito f√°cil de bagun√ßar come√ßando pelo fato de n√£o ter chaves {} pra definir escopo, usando s√≥ identa√ß√£o

Java e C# vc pode dividir o c√≥digo em m√©todos de nomes auto-explicativos, e usar nomes bons nas vari√°veis globais",Klyte45,uzyboy _ t√©cnico pra casar python f√°cil bagun√ßar come√ßar fato chave pra definir escopo usar identa√ß√£o java c vc dividir c√≥digo m√©todo nome auto explicativo nome bom vari√°vel global
96,96,1532042569714216964,2022-06-01 16:53:07+00:00,"@calalleni @lskbr o @dunossauro regularmente faz lives falando sobre Python e coisas relacionadas.
https://t.co/33FjrUVQUI",luzfcb,calalleni lskbr dunossauro regularmente lives falar python coisa relacionar https t co fjruvqui
97,97,1532042307205210113,2022-06-01 16:52:04+00:00,"@joaovillalobos Tenho, mas comprei para o meu filho. √â ele que mexe nisso. Anda a aprender Python e pediu-me um raspberry para automatizar o autoclismo porque se esquecia sempre de o puxar.",klassified,joaovillalobos comprar filhar mexer nisso andar aprender python pedir raspberry automatizar autoclismo esquecer puxar
98,98,1532042091337027585,2022-06-01 16:51:13+00:00,"@calalleni Se voc√™ aprender melhor por livros, eu recomendo o ""Introdu√ß√£o √† Programa√ß√£o com Python: Algoritmos e L√≥gica de Programa√ß√£o Para iniciantes"" escrito pelo @lskbr https://t.co/fWOGPQsio1",luzfcb,calalleni aprender melhor livro recomendar introdu√ß√£o programa√ß√£o python algoritmo l√≥gico programa√ß√£o iniciantes escrever lskbr https t co fwogpqsio
99,99,1532039776353849344,2022-06-01 16:42:01+00:00,"Essa coisa do biroliro querer fazer ""perguntas combinadas"" nos debates me fez imaginar ele ERRANDO ao responder essas perguntas combinadas a l√° Monthy Python:
""Qual sua cor favorita?""
""Azul!... N√£o, verde! Droga!""",MrSaints619,biroliro querer perguntar combinar debater imaginar errar responder perguntar combinar monthy python cor favorito azul ver drogar
100,100,1532036735147843586,2022-06-01 16:29:56+00:00,"Sou do time de Python, mesmo n√£o sabendo a linguagem https://t.co/ibz4AKfmBA",TheDevick,time python saber linguagem https t co ibz akfmba
101,101,1532030409265102848,2022-06-01 16:04:47+00:00,"ainda pensando em qual linguagem eu vou focar, python ou java? outra?",twdsorry,pensar linguagem ir focar python java
102,102,1532029771307261955,2022-06-01 16:02:15+00:00,@Israel_ol7 Tem que saber algum tipo de programa√ß√£o pra come√ßar no Python?,MarcioOshiroLHP,israel_ol algum programa√ß√£o pra come√ßar python
103,103,1532028243494174724,2022-06-01 15:56:11+00:00,"@coproduto Live de Python. Toda semana √© um aprendizado diferente, mesmo se for sobre um assunto que j√° conhe√ßo",gean_dreson,coproduto live python semana aprendizado diferente assunto conhecer
104,104,1532026230047920129,2022-06-01 15:48:11+00:00,@pattstarlight Essa putaria toda pra mandar o cara acertar uma senha predefinida ? Nunca q eu saio do python pra ir pra essa fam√≠lia do C,errorNumber09,pattstarlight putaria pra mandar caro acertar senha predefinir q sair python pra pra fam√≠lia c
105,105,1532025353182629888,2022-06-01 15:44:42+00:00,"Python &gt;&gt;&gt;

Print('melhor linguagem de programa√ß√£o!')",hobbit_ent,python gt gt gt print melhor linguagem programa√ß√£o
106,106,1532022178417455104,2022-06-01 15:32:05+00:00,"Vaguinha passando na sua tl! üë®‚Äçüíªüó£Ô∏èüì£

#bolhadev #python

Repo: backendbr
Postado em: 01/06/2022
Tags: CLT - Pleno - Python

Sobre a Passei Direto

Prazer, somos a **PD**, parte do ecossistema **UOL EdTech** e ...

Link: https://t.co/L8wjRR55Mt",tech_diobis,vaguinha passar tl bolhadev python repo backendbr postar tags clt pleno python passar direto prazer pd ecossistema uol edtech link https t co l wjrr mt
107,107,1532022036427681793,2022-06-01 15:31:31+00:00,"Com Django e Python, criei um joguinho chamado Guess My Choice que advinha qual item voc√™ memorizou: https://t.co/f8juwKKO5N

Fiz o deploy no Heroku.
Est√° sem um bom front end ainda, mas j√° √© responsivo pra mobile.",mayconblopes,django python criar jogo chamar guess my choice advir item memorizar https t co f juwkko n fazer deploy heroku front end responsivo pra mobilar
108,108,1532021687998218240,2022-06-01 15:30:08+00:00,Ataque de ‚Äútyposquatting‚Äù em um dos m√≥dulos Python mais  populares: o m√≥dulo ‚Äúrequests‚Äù registra 50 milh√µes de instala√ß√µes  semanais atrav√©s do PyPI e a t√©cnica de typosquatting se baseia  em erros de digita√ß√£o comuns ao se digitar em um teclado. Um  √∫nico ator malicioso teria,BotDeschamps,atacar typosquatting m√≥dulo python popular m√≥dulo requests registrar milh√£o instala√ß√£o semanal pypi t√©cnico typosquatting basear erro digita√ß√£o comum digitar teclado √∫nico ator malicioso ter
109,109,1532019731791855616,2022-06-01 15:22:22+00:00,"Finally, sinceramente n√£o sei a resist√™ncia que o povo tem a python (apesar do que sou suspeito pra falar, basicamente s√≥ uso python) https://t.co/duj63HIxz0",guilherme2k15,finally sinceramente resist√™ncia python apesar suspeitar pra falar basicamente usar python https t co duj hixz
110,110,1532016263437877249,2022-06-01 15:08:35+00:00,"@NihilFuck @simasware Opa, primeiro trampo com programa√ß√£o, estagi√°rio, todo trampo me jogavam no meio e que se lasque, entrei como est√°gio de python, primeiro trampo, tudo em php, chorei sangue mas fiz, segundo trampo, integra√ß√£o de loja novamente em php, que se lasque...",Sheep666DKM,nihilfuck simasware opar trampo programa√ß√£o estagi√°rio trampo jogar lascar entrar est√°gio python trampo php chorar sangue fazer trampo integra√ß√£o loja novamente php lascar
111,111,1532014293851553793,2022-06-01 15:00:45+00:00,"3 horas para fazer o pycharm rodar com o python, tudo pq esqueci de marcar uma caixinha, 3 horas :s",laira_zaine,horar pycharm rodar python pq esquecer marcar caixa horar s
112,112,1532013417514643459,2022-06-01 14:57:16+00:00,@calalleni Pq existem tarefas cotidianas nesse segmento que Python pode ajudar.,celin_js,calalleni pq existir tarefar cotidiano segmentar python ajudar
113,113,1532013081303339010,2022-06-01 14:55:56+00:00,"to macacando pra usar if e while no python pqp, estudar saporra direito aq em casa,  esperar aula √© burrice",nagisafagg,to macacando pra if while python pqp estudar saporra direito aq casar esperar aula burrice
114,114,1532007564598198275,2022-06-01 14:34:01+00:00,"Primeira palestra da trilha de IA e Machine Learning muito interessante, mostrando a cria√ß√£o de uma assistente virtual com #Python e integrando com Slack #thedevconf",senhor_caveira,palestrar trilhar ir machine learning interessante mostrar cria√ß√£o assistente virtual python integrar slack thedevconf
115,115,1532003731507748866,2022-06-01 14:18:47+00:00,"seguinte tl

algu√©m d√° um pequeno projeto/script em python pra eu fazer

eu simplesmente n√£o consigo tirar um projeto do cy pra estudar essa porra e to cansado de ficar lendo aulinha de docs",irarabarbara,seguinte tl algu√©m pequeno projeto script python pra simplesmente conseguir tirar projeto cy pra estudar porra to cansar ficar ler aula docs
116,116,1532003213418848256,2022-06-01 14:16:43+00:00,"Programar em python √© assim:

Opa faltou um TAB
AAAAAAAA ERRO DE INDENTA√á√ÉO
af n√£o quer ler essa linha, as era s√≥ dar mais um TAB",SeixasBrunos,programar python opar faltar tab aaaaaaaa errar indenta√ß√£o af ler linha tab
117,117,1532003020417925122,2022-06-01 14:15:57+00:00,"@jejeu_lucs @pequeno_jovem @matheuss_mso algum recrutador at√© ca√ßando gente, as provas s√£o em ingl√™s por√©m s√£o bem de boas, a√≠ tem por exemplo exame de js, Java, python, web, MySQL... Enfim

O resto √© s√≥ esperar os recrutadores ou se candidatar em vagas que for achando, entrevista n√£o vai faltar pra tu",arthurandoyou,jejeu_lucs pequeno_jovem matheuss_mso algum recrutador ca√ßar gente provar ingl√™s bom exame js java python web mysql enfim restar esperar recrutador candidatar vago achar entrevisto faltar pra
118,118,1532002136929730561,2022-06-01 14:12:27+00:00,"Qual a rela√ß√£o entre Gols Esperados(xG) e Posse de Bola(Poss) e sua influ√™ncia na temporada?
O gr√°fico abaixo analisa esta rela√ß√£o nos dados dos campe√µes da 5 maiores ligas europeias.

#python #soccer #seaborn #matplotlib

Fonte: @fbref 
C√≥digo: https://t.co/g2hyqLnhyI https://t.co/4Axl11Nll8",saulo_foot,gols esperar xg posse bolar poss influ√™ncia temporada gr√°fico abaixar analisar dar campe√£o maior ligar europeu python soccer seaborn matplotlib fonte fbref c√≥digo https t co g hyqlnhyi https t co axl nll
119,119,1532001391782281216,2022-06-01 14:09:29+00:00,Se n√£o fosse o drama da morte e destrui√ß√£o seria digno de um sketch dos Monty Python. https://t.co/VFtktihbvN,mwbaalbek,ser drama morte destrui√ß√£o dignar sketch monty python https t co vftktihbvn
120,120,1532001338703364101,2022-06-01 14:09:17+00:00,"@Cardoso Python √© brabo, assim, lento pra caralho, mas √© brabo. Ainda lembro quando eu descobri que thread faz python ficar mais lento",matheusori,cardoso python brabo lentar pra caralho brabo lembrar descobrir thread python ficar lentar
121,121,1532001320303042560,2022-06-01 14:09:12+00:00,@theluisribeiro Se n√£o fosse o drama da morte e destrui√ß√£o seria digno de um sketch dos Monty Python.,mwbaalbek,theluisribeiro ser drama morte destrui√ß√£o dignar sketch monty python
122,122,1531999991316852739,2022-06-01 14:03:55+00:00,"Pelo amor de deus S3rgi0, eu sou estudante de DIREITO pra QUE eu vou estudar sobre programa√ß√£o em Python???",calalleni,amor deus s rgi estudante direito pra ir estudar programa√ß√£o python
123,123,1531997748802854918,2022-06-01 13:55:01+00:00,@iagxferreira Quero inserir um c√≥digo em Python e executar ele 24/7.,Marcosgcr,iagxferreira inserir c√≥digo python executar
124,124,1531996830011105280,2022-06-01 13:51:22+00:00,"@Marcosgcr depende do que voc√™ quer fazer, tem como utilizar a google cloud pra rodar seus notebooks em python, caso voc√™ queira deployar algum servi√ßo existem outras solu√ß√µes como o heroku",iagxferreira,marcosgcr depender utilizar google cloud pra rodar notebooks python casar querer deployar algum servi√ßo existir solu√ß√£o heroku
125,125,1531995065400406016,2022-06-01 13:44:21+00:00,"Entraram no meu git e levaram 3 hello world, um em html, um em JavaScript e um em Python. Lament√°vel",webtoc,entrar git levar hello world html javascript python lament√°vel
126,126,1531995032265412611,2022-06-01 13:44:13+00:00,Por que o Python √© t√£o importante nas finan√ßas? https://t.co/Bau9VZ4nZ6 #Python,prog_depre,python importante finan√ßas https t co bau vz nz python
127,127,1531994647215714304,2022-06-01 13:42:41+00:00,"@iagxferreira Vi um tweet seu e n√£o encontro mais.
Vc disse que fazia python na cloud do Google.
Por l√° consigo rodar o c√≥digo sem pagar?
Estou pesquisando sobre na Azure..",Marcosgcr,iagxferreira vir tweet encontrar vc dizer python cloud google conseguir rodar c√≥digo pagar pesquisar azure
128,128,1531993552439455745,2022-06-01 13:38:20+00:00,@GabrielAbreeuS Voc√™ gosta de python,thallesthz1,gabrielabreeus gostar python
129,129,1531992277404590082,2022-06-01 13:33:16+00:00,"@Rafinhafps muito boas escolhas, mas gosto mais de kyojin e python do que keoz",karma0701_,rafinhafps bom escolher gostar kyojin python keoz
130,130,1531991269861470209,2022-06-01 13:29:16+00:00,"Subo uma inst√¢ncia de Airflow completa em k8s, com pg-bouncer lind√£o, com FluxCD automatizando as coisas e auth pelo Okta em 2 dias, mas escrever testes unit√°rios em Python eu levo 2 semanas. Por qu√™? Porque uma tarefa eu queria muito fazer e a outra n√£o.

Por que eu sou assim üò≠",bitbanshee,subir inst√¢ncia airflow completar k s pg bouncer lind√£o fluxcd automatizar coisa auth okta dia escrever teste unit√°rio python levar semana tarefar querer
131,131,1531990790876155905,2022-06-01 13:27:22+00:00,mano meu professor simplesmente disse que usou um dicion√°rio em python e explicou o que era S√ì POR CIMA tipo MEU FILHO D√ä AULA,lovesickhyeon,manir professor simplesmente dizer usar dicion√°rio python explicar filhar dar aula
132,132,1531988668608663555,2022-06-01 13:18:56+00:00,"vou fazer projetinho em python pra facool, felicidade",memoriesofyou__,ir projetinho python pra facool felicidade
133,133,1531987163004428291,2022-06-01 13:12:57+00:00,"@Israel_ol7 @lua_ferre Comecei a focar em python por conta da faculdade, fui obrigado. E acabei encontrando ouro.",isKitsune_sama,israel_ol lua_ferre come√ßar focar python contar faculdade acabar encontrar ourar
134,134,1531985933863636996,2022-06-01 13:08:04+00:00,"@lua_ferre Simmmmmm. A quantidade de est√°gios e programas de bolsa que perdi por que n√£o dominava nenhuma linguagem ainda (e me matando de estudar) me frustrava demais. 
Estudava um milh√£o de coisas e naaada. 
Comecei focar s√≥ no Python e j√° n√£o me sinto t√£o burro mais üòÇüòÇüòÇ",Israel_ol7,lua_ferre simmmmmm quantidade est√°gio programar bolsar perder dominar linguagem matar estudar frustrar estudar milh√£o coisa naaada come√ßar focar python sentir burro
135,135,1531985187059511297,2022-06-01 13:05:06+00:00,@Israel_ol7 Pois √© dois. Focar em Python e n√£o se sentir culpada por estar perdendo um bilh√£o de oportunidades de estar fazendo 300 cursos de uma vez. Isso s√≥ atrasa.,lua_ferre,israel_ol focar python sentir culpar perder bili√£o oportunidade fazer curso atrasar
136,136,1531983941514706950,2022-06-01 13:00:09+00:00,"Posso estar enganado? Sim 
Mas a melhor decis√£o que tomei at√© agora, acredito que foi focar em Python. 
Tava estudando um monte de coisa aleat√≥ria separada. Quanto mais estudava pior ficava. 
Gra√ßas a uns anjos dessa bolha dev por a√≠, vi que o ideal era focar em uma s√≥ e seguir",Israel_ol7,enganar melhor decis√£o tomar acreditar focar python tava estudar montar aleat√≥rio separar estudar mal ficar gra√ßa anjo bolhar dev vir ideal focar seguir
137,137,1531983212767064064,2022-06-01 12:57:15+00:00,"[...] Comecei um curso de Python na Data Science Academy para me aprofundar em Python que eu j√° fiz alguns cursos e j√° utilizei, mas ainda sinto que necessito de aperfei√ßoamento e aprimoramento! Al√©m de adquirir um certificado para colocar no meu curr√≠culo, pois at√© hoje n√£o[...]",VidalAlehandro,come√ßar cursar python datar science academy aprofundar python fazer curso utilizar sentir necessitar aperfei√ßoamento aprimoramento adquirir certificar colocar curr√≠culo hoje
138,138,1531981394494345216,2022-06-01 12:50:01+00:00,"@douglasamfm Se for olhar por essa pespectiva  c# ""dofi"" net a microsoft  meio fru fru, quem programa com o Python ""cobrinha"" tb hahahahaah",WemersonNino,douglasamfm olhar pespectiva c dofi net microsoft fru fru programar python cobra tb hahahahaah
139,139,1531980917807251456,2022-06-01 12:48:08+00:00,"üì£ Nova Oportunidade!

üßë‚Äçüíª S√™nior em #python e #ansible
üèôÔ∏è IBM
ü™ô R$¬†10.510
üìç Hortol√¢ndia, SP

Candidate-se agora! https://t.co/Uw7P8aGKa2

#empregos #jobs #vagas #tecnologia",Tecnovagas1,oportunidade s√™nior python ansible ibm r hortol√¢ndia sp candidatar https t co uw p agka emprego jobs vago tecnologia
140,140,1531979124625088515,2022-06-01 12:41:00+00:00,@seufert Os coment√°rios a este twit s√£o melhores que rever os Monty Python :),mario_moreira,seufert coment√°rio twit melhorar rever monty python
141,141,1531978145020133376,2022-06-01 12:37:07+00:00,mi entristece q voces nao curtem os filme do monty python realmente lamentavel,mariahmdsj,mi entristecer q voces nao curtir filmar monty python realmente lamentavel
142,142,1531974113337614336,2022-06-01 12:21:05+00:00,‚ÄúMeus filhos escreveram c√≥digos melhores quando tinham 12 anos.‚Äù Elon Musk e Jackson Palmer est√£o envolvidos em uma batalha p√∫blica sobre um Python script que Palmer afirma reduzir a atividade de bots no Twitter. https://t.co/einsRzaga9,BrCointelegraph,filho escrever c√≥digo melhorar ter ano elon musk jackson palmer envolvido batalhar p√∫blico python script palmer afirmar reduzir atividade bots twitter https t co einsrzaga
143,143,1531972901045473281,2022-06-01 12:16:16+00:00,"E assistir na live: https://t.co/IHR8mvzctX
.
Curso: Python para usu√°rios de R
06.06 a 27.06.22, segundas e quintas-feiras, das 19 √†s 22h00
Saiba mais em: https://t.co/cccMsVA6lT
.
Conhe√ßa todos os cursos em: https://t.co/iR73bSltrr.
Esperamos voc√™!
.
#rstats #datascience #python",curso_r,assistir live https t co ihr mvzctx cursar python usu√°rio r segundo quinto feirar h saber https t co cccmsva lt conhecer curso https t co bsltrr esperar rstats datascience python
144,144,1531972842086141957,2022-06-01 12:16:02+00:00,"RStudio √© a melhor IDE para fazer ci√™ncia de dados. R e python s√£o, no momento, as melhores linguagens para fazer ci√™ncia de dados. O RStudio foi criado para rodar R. Mas ser√° que o RStudio √© bom para rodar python?
.
Voc√™ pode ler mais sobre no artigo: https://t.co/OJh0w7SJmG https://t.co/kP0MDnIySe",curso_r,rstudio melhor ir ci√™ncia dar r python melhorar linguagem ci√™ncia dar rstudio criar rodar r ser rstudio rodar python ler artigo https t co ojh w sjmg https t co kp mdniyse
145,145,1531972119852105731,2022-06-01 12:13:10+00:00,Python 3.11 ganha maior desempenho em troca de ‚Äòum pouco mais de mem√≥ria‚Äô https://t.co/G2c6uNHugz,SempreUpdate,python ganhar desempenhar trocar mem√≥ria https t co g c unhugz
146,146,1531971483873988609,2022-06-01 12:10:39+00:00,"@2bernardo1 @naruteirarabuda sim, aula passada eu fazendo o sistema em python pra vcs",iurifantastico,bernardo naruteirarabuda aula passar fazer python pra vcs
147,147,1531970194075181058,2022-06-01 12:05:31+00:00,"Hoje eu sonhei que tinha um python (a cobra) dentro do gabinete do meu computador, acho que preciso trocar de linguagem de programa√ß√£o",POCmoona,hoje sonhar ter python cobrar gabinete computador achar precisar trocar linguagem programa√ß√£o
148,148,1531964556607733764,2022-06-01 11:43:07+00:00,"Tem um aluno meu que curte muito programa√ß√£o, ta aprendendo Python pelo youtube e tal.
To dando m√©todo de Cramer na sala dele, mat√©ria dif√≠cil pacas, no final da aula hoje o muleque me apareceu com um c√≥digo pronto pra calcular os determinantes pra ele. Menino vai longe viu.",monogabri,alunar curtir programa√ß√£o ta aprender python youtube to dar m√©todo cramer sala dele mat√©ria dif√≠cil paca aula hoje muleque aparecer c√≥digo pronto pra calcular determinante pra menino ver
149,149,1531960195491975169,2022-06-01 11:25:47+00:00,"Galera de Teresina e Regi√£o #Vumbora
#Python #Teresina #PUGPI #Piaui
PUG-PI 2022 https://t.co/N9fMZXu4lq https://t.co/bYjikbNS8T",pyhygor,galera teresina regi√£o vumbora python teresina pugpi piaui pug pi https t co n fmzxu lq https t co byjikbns t
150,150,1531957646978338818,2022-06-01 11:15:40+00:00,"@Dafeol @ivorafael @LINUXtipsBR exato, o Expert √© um pacote com os 4 modulos.

Sim, o objetivo √© passar o conhecimento necess√°rio para que voc√™ consiga desenvolver um programa Python do zero.

No BASE √© um programa de terminal (+ demonstra√ß√£o de game e desktop)

No Web um site + API",rochacbruno,dafeol ivorafael linuxtipsbr exato expert pacote modulos objetivo passar conhecimento necess√°rio conseguir desenvolver programar python base programar terminal demonstra√ß√£o gamar desktop web site api
151,151,1531955928836329475,2022-06-01 11:08:50+00:00,"@rochacbruno @ivorafael @LINUXtipsBR Bruno, obrigado pela aten√ß√£o. Ent√£o resumindo, o Python expert tem o mesmo conte√∫do, dos m√≥dulos separados, ou seja, √© um ""pacote"", certo? Outra d√∫vida, o conhecimento ministrado me daria suporte suficiente para desenvolver um programa/aplica√ß√£o completo, multiplaforma, sozinho?",Dafeol,rochacbruno ivorafael linuxtipsbr brunir aten√ß√£o resumir python expert conte√∫do m√≥dulo separar ser pacote certar d√∫vida conhecimento ministrar dar suportar suficiente desenvolver programar aplica√ß√£o completar multiplaforma s√≥
152,152,1531952797654175746,2022-06-01 10:56:23+00:00,"@Devanil @FelippeRegazio toda essa coisa de ci√™ncias de dados em python que o pessoal tanto fala hoje, j√° havia muita gente fazendo o mesmo no excel com VBA a muito tempo",GuicoelhoDev,devanil felipperegazio ci√™ncia dar python pessoal falir hoje haver muito gente fazer excel vba
153,153,1531948483900493829,2022-06-01 10:39:15+00:00,@RamonVLima tmb mas s√≥ quando preciso hospedar um arquivo php no mais eu uso node ou python,Bru_unu,ramonvlima tmb precisar hospedar arquivar php usar node python
154,154,1531941242170490896,2022-06-01 10:10:28+00:00,"Gente, mandem aqui vagas de est√°gio. Preferencialmente Data Science (python).

Se for presencial (quase todos os est√°gios s√£o), tem que ser na cidade do RJ ou regi√£o metropolitana. Agrade√ßo.

cc @sseraphini",nyxstn,gente mandar vago est√°gio datar science python presencial quase est√°gio cidade rj regi√£o metropolitano agradecer c sseraphini
155,155,1531936250151804930,2022-06-01 09:50:38+00:00,Quando eu digo que voc√™ pode estudar/trabalhar com Python durante 20 anos e ainda ter coisas a aprender. https://t.co/XsBSN9qYps,rochacbruno,dizer estudar trabalhar python durante ano coisa aprender https t co xsbsn qyps
156,156,1531935989110808576,2022-06-01 09:49:36+00:00,"@Cardoso @letspoker N√£o sei exatamente o que tu precisa, mas olha isso a√≠:
https://t.co/ZV4eVpPxsl
N√£o √© Python, mas uma combina√ß√£o de coisas em shell com javascript (rodando em Node).",misaelbr,cardoso letspoker exatamente preciso olhar https t co zv evppxsl python combina√ß√£o coisa shell javascript rodar node
157,157,1531926735901581314,2022-06-01 09:12:50+00:00,"@0xDEADBEEFCAFE @rochacbruno @FawlerRobert @rennerocha @luizouguilherme Exato, em 10 anos uma pessoa pode passar por muitos frameworks, projetos, solu√ß√µes.
Como o @rochacbruno citou diversos, √© muito coisa de RH pedir tanto tempo em um √∫nico, talvez um ""10 anos de dev web Python"" fizesse mais sentido.",meszias,xdeadbeefcafe rochacbruno fawlerrobert rennerocha luizouguilherme exato ano pessoa passar frameworks projetos solu√ß√£o rochacbruno citar diverso rh pedir √∫nico ano dev web python fazer sentir
158,158,1531920295015198721,2022-06-01 08:47:14+00:00,"@meszias @FawlerRobert @rennerocha @luizouguilherme Trabalho com Python desde 2003, nesse per√≠odo usei v√°rios frameworks (e at√© ajudei a criar um) foi Pylons, Zope,  Repoze, Turbogears, Web2py, Bottle, Flask, Django, FastAPI.

Eu diria que uma pessoa precisa apenas saber HTTP, WSGI, POO, DB para dominar qualquer desses frameworks.",rochacbruno,meszias fawlerrobert rennerocha luizouguilherme trabalhar python per√≠odo usar frameworks ajudar criar pylons zope repoze turbogears web py bottle flask django fastapi dizer pessoa preciso http wsgi poer db dominar dessar frameworks
159,159,1531919180450394112,2022-06-01 08:42:48+00:00,"@Dafeol @ivorafael @LINUXtipsBR Ol√°, no site em cada m√≥dulo tem um link para a grade do treinamento.

O Python BASE tem 64h de conte√∫do em v√≠deo, s√£o diversos exerc√≠cios pr√°ticos e um projeto completo de um programa de terminal.

O treinamento serve para quem n√£o tem conhecimento pr√©vio em programa√ß√£o.",rochacbruno,dafeol ivorafael linuxtipsbr ol√° site m√≥dulo link gradar treinamento python base h conte√∫do v√≠deo diverso exerc√≠cio pr√°tico projeto completar programar terminal treinamento servir conhecimento pr√©vio programa√ß√£o
160,160,1531897426981814273,2022-06-01 07:16:22+00:00,"@zanfranceschi O App da receita deveria ser um aplicativo Python, GTK e rodar em Linux. O governo n√£o deve incentivar o uso de plataformas propriet√°rias.",0xDEADBEEFCAFE,zanfranceschi app receitar dever aplicativo python gtk rodar linux governar incentivar usar plataforma propriet√°rio
161,161,1531896062327279617,2022-06-01 07:10:57+00:00,"@nicolettiFPS @sseraphini Isso significa que se voc√™ vai usar qualquer tecnologia n√£o propriet√°ria da MS, i.e. Java, Javascript, Python, Ruby, Docker, MySQL, Postgres, Kafka e afins eles foram constru√≠dos pensando num ambiente unix e por isso funcionam bem melhor l√°, se voc√™ tiver uma RAM infinita...",minimarvindroid,nicolettifps sseraphini significar tecnologia propriet√°rio ms ir java javascript python ruby docker mysql postgres kafka afim construir pensar ambientar unix funcionar melhor ter ram infinito
162,162,1531871662974574593,2022-06-01 05:33:59+00:00,"@raulxcrespo @sseraphini Abandone o Java, um ecossistema usado por grandes corpora√ß√µes e cada vez menos estudado pelos novos profissionais, e se dedique ao javascript e Python. Pelo menos assim vc nunca mais se sentir√° sozinho nos processos seletivos que for participar.",ruizalexandre,raulxcrespo sseraphini abandonar java ecossistema usar corpora√ß√£o estudar profissional dedicar javascript python vc sentir s√≥ processo seletivos participar
163,163,1531862619480547330,2022-06-01 04:58:03+00:00,Dois dias que fiquei sem celular comecei a aprender viol√£o e decidi fazer Python,InacioLibre,dia ficar celular come√ßar aprender viol√£o decidir python
164,164,1531860355013410816,2022-06-01 04:49:03+00:00,@thoncansado Agora espera o c√≥digo Python ter 10k linhas de c√≥digo hahaha,naomijub,thoncansado esperar c√≥digo python k linha c√≥digo hahaha
165,165,1531845161537388544,2022-06-01 03:48:41+00:00,"PC formatado e instalado. 
S√≥ instalei o ambiente java. Que o node e python se explodam no inferno.",PauloMatew,pc formatado instalar instalar ambientar java node python explodam infernar
166,166,1531845028515131392,2022-06-01 03:48:09+00:00,"@F3l1p3 @pdroaugust @LukeberryPi @lorencinig Exatamente.

Al√©m de que mudar objetos comuns das linguagens √© algo extremamente complexo e para linguagens muito utilizadas com o Python, Breaking changes s√£o sempre evitadas.

Java na sua vers√£o 8 adicionou os conceitos de FP, e demorou ser adotado por conta disso.",brunocroh,f l p pdroaugust lukeberrypi lorencinig exatamente mudar objetos comum linguagem extremamente complexo linguagem utilizar python breaking changes evitar java vers√£o adicionar conceito fp demorar adotado contar
167,167,1531844016148471817,2022-06-01 03:44:08+00:00,"@pdroaugust @LukeberryPi @brunocroh @lorencinig Como o conceito de reduce vem da programa√ß√£o funcional e n√£o da OO, ser m√©todo de algum objeto n√£o agrega mta coisa pra quem quer programar em Python num estilo pr√≥ximo a pf. Sem falar q √© uma sintaxe +simples e similar a de linguagens funcionais reais",F3l1p3,pdroaugust lukeberrypi brunocroh lorencinig conceito reduce programa√ß√£o funcional o m√©todo algum objeto agregar mta pra programar python estilar pf falar q sintaxe simples similar linguagem funcionar real
168,168,1531842982412009472,2022-06-01 03:40:01+00:00,Algum DEV - Python que utiliza framework DJANGO pode me dar um help aqui na moralzinha??,srjota_oficial,algum dev python utilizar framework django help moralzinha
169,169,1531842062860988418,2022-06-01 03:36:22+00:00,"üì£ Nova Oportunidade!

üßë‚Äçüíª S√™nior em #python e #featuretoggle
üèôÔ∏è Tembici
ü™ô R$¬†7.130
üìç Remoto

Candidate-se agora! https://t.co/QsMOmfAlTg

#empregos #jobs #vagas #tecnologia",Tecnovagas1,oportunidade s√™nior python featuretoggle tembici r remoto candidatar https t co qsmomfaltg emprego jobs vago tecnologia
170,170,1531840861293760512,2022-06-01 03:31:36+00:00,"Vaguinha passando na sua tl! üë®‚Äçüíªüó£Ô∏èüì£

#bolhadev #python

Repo: backendbr
Postado em: 30/05/2022
Tags: CLT - Pleno - Python

Liber Capital

A Squad Persas tem como objetivo desenvolver e manter produtos para a inte...

Link: https://t.co/HB6W4y2sXs",tech_diobis,vaguinha passar tl bolhadev python repo backendbr postar tags clt pleno python liber capital squad persa objetivo desenvolver manter produto inte link https t co hb w y sxs
171,171,1531838735297437696,2022-06-01 03:23:09+00:00,"me candidatei a uma vaga de python e eles me enviaram um link pra testes em .text e a porra n√£o abre 
√© brincadeira √© vei ?",afrogaara,candidatar vago python enviar link pra teste text porra abrir brincadeira vei
172,172,1531833695299981313,2022-06-01 03:03:07+00:00,vai tomar no cu meu python nao rodava nunca a√≠ fui ver e o programa pradao pra abrir .py era o vscode,PaiDeBot,tomar cu python nao rodar programar pradao pra abrir py vscode
173,173,1531833389296263168,2022-06-01 03:01:54+00:00,"@F3l1p3 @LukeberryPi @brunocroh @lorencinig Python como sempre um pouco estranho nesse quesito de usar m√©todos que deveriam ser m√©todos do objeto.

Pq n√£o ter um m√©todo .reduce, igual como √© Ruby/Javascript.",pdroaugust,f l p lukeberrypi brunocroh lorencinig python estranhar quesito m√©todo dever m√©todo objeto pq m√©todo reduce igual ruby javascript
174,174,1531827838982160390,2022-06-01 02:39:51+00:00,"@mcnathalhao amiga a DSA Academy tem um de power Bi e outro de Python, ambos gratuitos com muito conte√∫do e bem did√°tico, os caras s√£o expert nesse tipo de forma√ß√£o. L√° tamb√©m tem outras forma√ß√µes pagas, inclusive data science.",gmellynx,mcnathalhao amigo dsa academy power bi outro python gratuito conte√∫do did√°tico caro expert forma√ß√£o forma√ß√£o pago datar science
175,175,1531821381570134016,2022-06-01 02:14:11+00:00,t√¥ aprendendo a programar em python mas n√£o sei instalar o pacote office https://t.co/6z8WiK7Spg,princsugar,t√¥ aprender programar python instalar pacote office https t co z wik spg
176,176,1531819364822966279,2022-06-01 02:06:11+00:00,"@gabrielbba21 @_StaticVoid J√° na parte de enviar pro meu kindle, eu tinha um script em python que tamb√©m ficava olhando pra minha pasta de livros, e pegava todos os livros que tinham, mas diferen√ßa √© que eu precisava saber quais livros foram enviados e quais n√£o foram, a√≠ pra isso eu usei um sqlite+",ZezitZ,gabrielbba enviar pro kindle ter script python ficar olhar pra pastar livro pegar livro ter diferen√ßar precisar livro enviar pra usar sqlite
177,177,1531818647596982273,2022-06-01 02:03:20+00:00,"@_StaticVoid Antes eu sempre acordava atrasado pras minhas atividades
Com a ajuda do Jenkins e uma API em Python agora eu consigo fazer o meu celular emitir um som toda manha no mesmo hor√°rio e agora sempre acordo na hora",new_roncari,acordar atrasar pras atividades ajudar jenkins api python conseguir celular emitir som manha hor√°rio acordar horar
178,178,1531818395246678016,2022-06-01 02:02:19+00:00,"@gabrielbba21 @_StaticVoid Eu primeiro fiz um script em python que pegava todos os arquivos que do dir de download, verificava a extens√£o e dependendo da extens√£o ele movia o arquivo de lugar, eu rodava ele num cron job de 10s em 10s, e como era r√°pido n√£o tinha problema. As regras eram definidas +",ZezitZ,gabrielbba fazer script python pegar arquivo dir download verificar extens√£o depender extens√£o mover arquivar rodar cron job s s r√°pido ter problema regrar ser definir
179,179,1531813838789697537,2022-06-01 01:44:13+00:00,"@samebutbrandnew @Saimonfga @_StaticVoid eu tenho um cron que roda a cada 24h e faz scraping de alguns itens que tenho interesse no ML e OLX

n√£o posso abrir ele em si, mas tem uns exemplos no github com python e node

https://t.co/dejGjR7Je5",educappellotto,samebutbrandnew saimonfga cron rodar h scraping item interessar ml olx abrir si exemplo github python node https t co dejgjr je
180,180,1531813753301393410,2022-06-01 01:43:53+00:00,irm√£o vc quer me explicar sobre a √°rea que EU trabalho e estudo?? quer saber mais do que eu que trabalho com essa porra todos os dias pq um dia vc estudou um pouquinho sobre python ou Java te fuder,http_lalisantos,irm√£o vc explicar trabalhar estudar trabalhar porra dia pq dia vc estudar pouco python java fuder
181,181,1531813250572206080,2022-06-01 01:41:53+00:00,"@gabuldev H√° um bom tempo atr√°s implementei uma solu√ß√£o usando backtracking e outra usando algoritmo guloso, em python... üòÖ https://t.co/IsPzJNuXam",snahhol,gabuldev haver implementar solu√ß√£o usar backtracking usar algoritmo gulosar python https t co ispzjnuxam
182,182,1531810413108547585,2022-06-01 01:30:36+00:00,"@phernandotelles Eu j√° vi v√°rios artistas diversificando portf√≥lio com programa√ß√£o. Com Python √© poss√≠vel fazer proje√ß√µes, programar a luz de espet√°culo, criar arranjos de m√∫sica. Tem os museus tbm que recebem obras com interven√ß√£o da tecnologia. Acho que mais do que ajudar no dia-a-dia,",aallanacardoso,phernandotelles vir artista diversificar portf√≥lio programa√ß√£o python proje√ß√µes programar luzir espet√°culo criar arranjo m√∫sico museu tbm receber obrar interven√ß√£o tecnologia achar ajudar dia dia
183,183,1531809758797344776,2022-06-01 01:28:00+00:00,tenho at√© amanh√£ p entregar umas atividades de python e que morte viu,Gersongust1,amanh√£ p entregar atividades python morte ver
184,184,1531809283146489856,2022-06-01 01:26:07+00:00,"@SovietLunox ah cara
logo Java
podia ser C, Python, Assembly
mas logo Java

piadas programador siga para mais piadas programavou me matar √†s 13:49",IWAntToDie_jpeg,sovietlunox ah caro java c python assembly java piar programador seguir piar programavou matar
185,185,1531808570408325120,2022-06-01 01:23:17+00:00,preciso pegar meu certificado de python mn vi umas vaguinha ali q pedia hein üëÄ,oiago,precisar certificar python mn vir vaguinha q pedir hein
186,186,1531808224780902401,2022-06-01 01:21:55+00:00,"‚ÄúPai, pq meu nome √© t√£o estranho?‚Äù ‚ÄúSeu nome √© lindo Python SQL Infer√™ncia Gon√ßalves Barata‚Äù",_xjoaox,pai pq nome estranhar nome lindar python sql infer√™ncia gon√ßalves barato
187,187,1531808190186266624,2022-06-01 01:21:46+00:00,Quem falou que Python √© f√°cil? Quero da um chute agora,thoncansado,falar python f√°cil chutar
188,188,1531807945897525250,2022-06-01 01:20:48+00:00,"@hellababx @sseraphini Ainda bem que o python tem POO
Programa√ß√£o orientada ao √≥dio",pedropgrangeiro,hellababx sseraphini python poer programa√ß√£o orientar √≥dio
189,189,1531806897275297793,2022-06-01 01:16:38+00:00,"algum dia eu explico melhor, mas em resumo, o √öNICO ritual do Python √© esse aqui

ele transforma o bra√ßo em serpentes e atira para longe, esticando eles em alta velocidade e mudando de dire√ß√£o, de forma reta.

O nerf √© que ele s√≥ muda de dire√ß√£o se encostar em outra superfice// https://t.co/gxB59VRh5N",PythonMamba1,algum dia explicar melhor resumir √∫nico ritual python transformar bra√ßo serpente atirar esticar alto velocidade mudar dire√ß√£o reta nerf mudo dire√ß√£o encostar superfice https t co gxb vrh n
190,190,1531805624186576897,2022-06-01 01:11:35+00:00,"pensei q ia ser m√≥ suave fzr a lista/ep
cheguei em casa trebado e lembrei q n lembro porra de python nem da mat√©ria",pierob0n,pensar q ir m√≥ suave fzr lista ep chegar casar trebado lembrar q n lembrar porra python mat√©ria
191,191,1531805135248187396,2022-06-01 01:09:38+00:00,"Ideias de projetos em python:
70 projetos iniciantes, intermedi√°rios e avan√ßados com tutorial e c√≥digo
https://t.co/zZZhSA0WSc https://t.co/rvWO19quFH",SilvaEduardodev,ideia projetos python projetos iniciantes intermedi√°rio avan√ßar tutorial c√≥digo https t co zzzhsa wsc https t co rvwo qufh
192,192,1531805050296729602,2022-06-01 01:09:18+00:00,eu vo faze um curso de python pq eu to loco eu rto maluco eu to doido,PATODENOITE,vos fazer cursar python pq to locar rto malucar to doido
193,193,1531804838627090432,2022-06-01 01:08:27+00:00,que orgulho do meu amigo aprendendo an√°lise de dados com python pra aplicar na √°rea dele ü§èüèªü•∫üíú todo empenhado,lletisousa,orgulhar amigar aprender an√°lise dar python pra aplicar dele empenhar
194,194,1531802699112624128,2022-06-01 00:59:57+00:00,"@aninha_dev @abraaomoreira_ @MarlonHenq @estudarforabr @coursera @edXOnline Por√©m existe um limite de cursos que voc√™ pode pedir de gra√ßa, no Coursera um tempo atr√°s era 1 a cada 6 meses ou uma especializa√ß√£o por ano... n√£o sei as regras atuais, mas fiz alguns cursos de Python e Django com aux√≠lio deles.",OCam_l,aninha_dev abraaomoreira _ marlonhenq estudarforabr coursera edxonline existir limitar curso pedir gra√ßa coursera especializa√ß√£o ano regrar atuais fazer curso python django aux√≠lio deles
195,195,1531798870002438145,2022-06-01 00:44:44+00:00,"Aprendendo python no √≥dio p calar a boca do palestrinha universit√°rio da turma q n√£o para de falar todas as ‚ú®Ô∏èmaravilhosas solu√ß√µes‚ú®Ô∏è q ele pensou na aula

O cara n√£o deixa ngm falar, crlh",hellababx,aprender python √≥dio p calar bocar palestrinha universit√°rio turma q falar maravilhoso solu√ß√£o q pensar aula caro deixar ngm falar crlh
196,196,1531798182514106370,2022-06-01 00:42:00+00:00,Resum√£o de #Python para iniciantes com aulas! [PT-BR] #pythonprogramming #pythondev #dormosheio #braziliandevs #beginners #tutorial https://t.co/q9q74ukOvF,PythonTrends,resum√£o python iniciantes aula pt br pythondev dormosheio braziliandevs beginners tutorial https t co q q ukovf
197,197,1531797960308178947,2022-06-01 00:41:07+00:00,Eu quebrei. Eu quebrei o python...,MitsuhaYN1,quebrar quebrar python
198,198,1531796331236409345,2022-06-01 00:34:39+00:00,Esta palestra come√ßar√° com texto n√£o estruturado e terminar√° com um grafo de conhecimento em Neo4j usando pacotes Python padr√£o para Processamento de Linguagem Natural. https://t.co/QCIAacmd0J,fabiano_adelino,palestrar come√ßar texto estruturar terminar grafar conhecimento neo j usar pacote python padr√£o processamento linguagem natural https t co qciaacmd j
199,199,1531795902352039936,2022-06-01 00:32:57+00:00,@flaviojuvenal @leozeba @_renatoOliveira @awscloud @tongueroo Manda um rt e cc a turma de Python que tu conhece üòÖ,dinizz,flaviojuvenal leozeba awscloud tongueroo mandar rt c turma python conhecer
200,200,1531794706895626240,2022-06-01 00:28:12+00:00,"@zSparkiexZ @aYasmin_n @gle82oliveira No C√°ssio eu confio, mas o gilgeladeira e o Lucas python na lateral n√£o d√°",Farujix,zsparkiexz ayasmin_n gle oliveira c√°ssio confiar gilgeladeira luca python lateral
201,201,1531793027517370369,2022-06-01 00:21:31+00:00,"@alfacinho__ Python tenho uma boa base, Java Script pode ser, j√° que tem o Node agora e tals",_jorge_melo_,alfacinho _ _ python base java script node tals
202,202,1531792790660780033,2022-06-01 00:20:35+00:00,@_jorge_melo_ python e JavaScript s√£o presente e futuro,alfacinho__,python javascript presentar futurar
203,203,1531789897127936000,2022-06-01 00:09:05+00:00,Celebrating Jos√© de Almada Negreiros #Python #Tweepy https://t.co/KCO0HIWuds,redmaytals,celebrating jos√© almada negreiro python tweepy https t co kco hiwuds
204,204,1531789502250893312,2022-06-01 00:07:31+00:00,"@naruteirarabuda Kct, a√≠ √© tenso... E nada te garante que vai funcionar 100%... Gostava muito da GoInsta, mas foi escrita em Go, e pra Python usei a InstaLooter, pro Facebook a depender do q seja rola pegar da API original",TioTodi,naruteirarabuda kct tenso garantir funcionar gostar goinsta escrito go pra python usar instalooter pro facebook depender q ser rolo api original
205,205,1531789371602526209,2022-06-01 00:07:00+00:00,usando o R como se fosse python e claramente dando tudo errado,sojustthisonce,usar r ser python claramente dar errar
206,206,1531788316751933440,2022-06-01 00:02:48+00:00,@_StaticVoid Vcs usam oq pra automa√ß√£o? Python?,Junj_e,vcs usar oq pra automa√ß√£o python
207,207,1531788030419271680,2022-06-01 00:01:40+00:00,"@LenninAmora O triste √© que muitos dos cornojobs s√£o ""one time and specific motherfucker thing"". N√£o d√° nem pra pensar em uma interface python para automatizar. O tempo de constru√ß√£o do c√≥digo n√£o compensa para um √∫nico uso.",pedrolimach,lenninamora triste cornojobs one time and specific motherfucker thing pra pensar interface python automatizar constru√ß√£o c√≥digo compensar √∫nico usar
208,208,1531788003772858368,2022-06-01 00:01:34+00:00,"Meu Deus, 2x que me perguntam se quero participar de processo seletivo s√≥ que pra Python e PJ.

Por que √© t√£o dif√≠cil uma propostinha dessa em front e CLT? 

#bolhadev #bolhatech",loren_amattos,deus x perguntar participar processar seletivo pra python pj dif√≠cil propostinha front clt bolhadev bolhatech
