,tweet_id,date,text,user
0,1532148597231329281,2022-06-01 23:54:26+00:00,"@ibiapina_ju Pra mim, liberou. N√£o sou do Javascript... aqui √© C/C++, Python, Java, GO Lang, Shell Script. Ent√£o, deve ser aleat√≥rio! Kkkkk kkkkk kkkkk kkkkk kkkkk",WillianBR
1,1532148392406786048,2022-06-01 23:53:37+00:00,// tenho um hc muito foda em que o Python ficou viciado em Paula Pimenta por culpa da Agatha e do Kyler,PythonMamba1
2,1532146808729788416,2022-06-01 23:47:19+00:00,minha linguagem de amor √© python e java,Kaiocidral
3,1532146770423209989,2022-06-01 23:47:10+00:00,"// mt foda cenar com o Kyler e com o Python ao mesmo tempo

de um lado temos o Kyler, hiperativo e extrovertidasso, conversando cm geral e gritando, cheio de g√≠ria 

e do outro temos o Python, todo fofinho, introvertido e fala formalmente",PythonMamba1
4,1532145585641377792,2022-06-01 23:42:28+00:00,"@paulaopnions Oloco! Python √© a mais f√°cil de aprender (dizem, simplesmente acreditei). Voc√™ trabalha com isso amg?",bi_dickinson
5,1532144663469096961,2022-06-01 23:38:48+00:00,O pior de tudo √© que eu to achando f√°cil porque estudei um pouco de Python ano passado (durante um breve surto em que pensei em largar o mestrado) e agora t√° vindo a calhar,rafaelhett
6,1532142400461803521,2022-06-01 23:29:48+00:00,"@FelippeRegazio Cara, tem gente que literalmente vive disso. Eu j√° fui MUITO bom, apesar de n√£o usar praticamente nada de VB, fiz planilhas cabulosas pra resolver n problemas. E eu programo, j√° fui dev profissional, j√° programei em C, C++, Python, etc. Tem problemas pros quais Excel √© a solu√ß√£o.",carribeiro
7,1532142375694487552,2022-06-01 23:29:42+00:00,Nunca imaginei que ia fazer prova de Python no papel,petryxxx
8,1532141917420539905,2022-06-01 23:27:53+00:00,python eu te odeio eu te odeio,nicotrombeste
9,1532140504212807681,2022-06-01 23:22:16+00:00,"Vaga de est√°gio home office na BLU. Conhecimentos b√°sicos de Python e SQL. üôè

https://t.co/JYAqG0zrXP

cc @sseraphini 
@ViUmaVaga 
#bolhadev",futuro_d3v
10,1532136720845705224,2022-06-01 23:07:14+00:00,"@mikaacaroline Uma python n√£o √© venenosa, igual a mim, somente linda, invejosa u-u",elfo_jeangolas
11,1532134489144578050,2022-06-01 22:58:22+00:00,"@mechamoshin Calma. Voc√™ quer R ou python? 
Quando for postar alguma d√∫vida poste utilizando #RStats q ai d√£o rt.",Takaitakuji
12,1532133344728817672,2022-06-01 22:53:49+00:00,@luzfcb @calalleni @lskbr @dunossauro @fmasanori @PyLadiesBrasil @InspirAdaNaComp Todas as dicas do @luzfcb s√£o bem v√°lidas. Os casos de uso da programa√ß√£o na √°rea de direito tbm. Trabalhei um tempo numa empresa do setor e era por ai que us√°vamos programa√ß√£o.  Python √© uma linguagem mto boa pq d√° pra vc usar para fazer bastante coisa interessante. (1),Lidy_Monteiro
13,1532131232091455489,2022-06-01 22:45:26+00:00,"comecei a me envolver com drogas pesadas‚Ä¶

‚Ä¶curso de programa√ß√£o em python",taveirao
14,1532129940229042176,2022-06-01 22:40:18+00:00,"acabei de come√ßar em HTML e css, por enquanto eu t√¥ amando, ser√° q eu vou pirar igual foi nos meses finais do meu aprendizado em python?",Wosn027
15,1532128504195821569,2022-06-01 22:34:35+00:00,"Perfil do @rochacbruno, que √© um grande contribuir com ferramentas e plugins para Python (Dynaconf, python-project-template), al√©m de ajudar em confer√™ncias e cria√ß√£o de conte√∫do na √°rea

https://t.co/9JTpHtUBpf",cmaiacd
16,1532127918436061188,2022-06-01 22:32:15+00:00,"Daqui a pouco vamos conversar com o Macca, baixista do Detonautas, que √© m√≥ f√£ de cultura pop e de Monty Python tbm!!
No canal do Monty Python Brasil. Entra l√°!!

Link nos coment√°rios https://t.co/tuYSSZVc6V",andartolo
17,1532126173773406208,2022-06-01 22:25:20+00:00,As vezes o mundo parece uma esquete do Monty Python,mor_fati_
18,1532124915473821700,2022-06-01 22:20:20+00:00,"WebApp JS

Este √© um pequeno modelo de App usando as tecnologias WebStack.
Foram diversas ocasi√µes em que tive de usar a programa√ß√£o para agilizar a introdu√ß√£o de dados e c√°lculos.

#javascript #python #ispol

https://t.co/OHu6sQyNxl",JCoimbras
19,1532123696600588290,2022-06-01 22:15:29+00:00,Algu√©m de machine learning aqui? Uma multivariate regression tree √© a mesma coisa que uma decision tree? O pacote do R pra faze mrt eh mt antigo dai queria sabe se n tem no python rs.,mechamoshin
20,1532121241552822278,2022-06-01 22:05:44+00:00,"se eu pudesse aprenderia React enquanto estudo Python, me dedico a JS, e me aprofundo nos conhecimentos de Hardware...",JorgeKasowski
21,1532121020890497025,2022-06-01 22:04:51+00:00,Glr de ci√™ncias da computa√ß√£o macetando um python e a glr da ENG de computa√ß√£o sendo macetada por C,Glayber16
22,1532120703486468096,2022-06-01 22:03:35+00:00,"üì£ Nova Oportunidade!

üßë‚Äçüíª S√™nior em #powershell e #python
üèôÔ∏è Skaylink Brasil
ü™ô R$¬†5.920
üìç Florian√≥polis, SC

Candidate-se agora! https://t.co/psj02vws9U

#empregos #jobs #vagas #tecnologia",Tecnovagas1
23,1532120689347506176,2022-06-01 22:03:32+00:00,"üì£ Nova Oportunidade!

üßë‚Äçüíª J√∫nior em #powershell e #python
üèôÔ∏è Skaylink Brasil
ü™ô R$¬†2.240
üìç Florian√≥polis, SC

Candidate-se agora! https://t.co/l3RXl1UQCH

#empregos #jobs #vagas #tecnologia",Tecnovagas1
24,1532120121577177090,2022-06-01 22:01:17+00:00,"@import_robs @Emilio_Vaz05 Mas o que voc√™s usam?!?!? C, Fortran, Python, Julia?",Velho_Tonto
25,1532119799320412162,2022-06-01 22:00:00+00:00,E n√© kk #bolhadev #javascript #python #webdeveloper https://t.co/pKLaRhWajh,CobeClub
26,1532119414040150019,2022-06-01 21:58:28+00:00,"Comecei a mexer um pouquinho com Python em 2018, mas depois parei... t√¥ bolada, sou mt burra ü§¶üèª‚Äç‚ôÄÔ∏è",laranprog
27,1532119186671128576,2022-06-01 21:57:34+00:00,"@buzz_ladino Aparentemente esses softwares tem tudo interface com python kkk, eh bom demais pra automatizar msm. Que area vc ta trabalhando?",henriquecaetan2
28,1532119058543411200,2022-06-01 21:57:03+00:00,"T√¥ triste, apaguei uma apostila antiga de estudos em Python q eu tinha montado sem querer ü§°ü§°ü§°ü§°ü§°",laranprog
29,1532117335825342467,2022-06-01 21:50:12+00:00,"@letxzz_ Python √© muito bom, d√° pra aprender o basico em 2 meses, comparado a outras linguagens",Vinnybrunn00
30,1532114997433835521,2022-06-01 21:40:55+00:00,meu deus odeio o discord  odeio python odeio tudo,queijune
31,1532113363332907008,2022-06-01 21:34:25+00:00,@henriquecaetan2 To usando python tb mas s√≥ pra automatizar as simula√ß√µes q eu fa√ßo no pscad,buzz_ladino
32,1532112968816762880,2022-06-01 21:32:51+00:00,estes erros do python v√£o ser a minha 13th reason istg,proudlydead
33,1532112768886775808,2022-06-01 21:32:04+00:00,se eu tive que programar em alguma linguagem que nao seja python nessa prova nao responderei por meus atos,cygnusope
34,1532111529214083072,2022-06-01 21:27:08+00:00,"@gustac01 @BolhaTech mas se vc for tipo muito pika em python pode tentar o mercado sem medo, o sal√°rio tmb de programador de python √© alto pra krl vale a pena",Lust_mss
35,1532111217329946625,2022-06-01 21:25:54+00:00,"DICA! A Bloomberg vai oferecer um curso gratuito de Python e BQuant para mulheres do mercado financeiro. S√£o 50 vagas. O lan√ßamento do programa ser√° nesta quinta-feira (2), √†s 11h com um painel de mulheres especialistas. √â de gra√ßa! 

Link: https://t.co/AuVnwMEV9u",capitaldigital
36,1532105050939613186,2022-06-01 21:01:23+00:00,"de cara que um amigo do meu colega do projeto simplesmente pegou uma vaga pl√™no sem experiencia profissional com python e java na fodendo globo, enquanto eu to aqui fudido",BlazingWizzard_
37,1532104792809652224,2022-06-01 21:00:22+00:00,"Novos v√≠deos:
üîπIngl√™s e Intelig√™ncia Artificial: Pron√∫ncia termos Algoritmos Gen√©ticos;
üîπIngl√™s e Intelig√™ncia Artificial: Pron√∫ncia termos Vis√£o Computacional.

Saiba mais: https://t.co/Qc9kgNPJOG

#inteligenciaartificial #python #algoritmosgeneticos #visaocomputacional https://t.co/uqrogymICU",iaexpertacademy
38,1532104641357434882,2022-06-01 20:59:46+00:00,@aboutmesquita Escreve minha automa√ß√£o em python a√≠ rapidinho,mark96got
39,1532102393323835393,2022-06-01 20:50:50+00:00,@ItsSince79 HOJE python n√£o seria mais neg√≥cio pra come√ßar?,vfbsilva
40,1532101352909938689,2022-06-01 20:46:42+00:00,@Unidosdados Vc acha que o uso de R/Python vai ser usado por todas as √°reas ou √© mais hype e dps vai acabar ficando s√≥ com um nicho? Hoje na empresa informaram que v√£o financiar curso de Power BI para todos os funcion√°rios. Acho que pra quem n√£o √© tech esse caminho parece mais realista,ilfinancista
41,1532100406595227648,2022-06-01 20:42:56+00:00,"@heitordelima D3 √© uma biblioteca js, no caso vc codaria em python pra chamar o D3 que vai fazer s√≥ a visualiza√ß√£o... Enfim, qndo a gente compra com esses pacotes at√© o Tableau vira uma alternativa vi√°vel pra algo r√°pido...",notyourjaq
42,1532095902709858304,2022-06-01 20:25:02+00:00,@SrMillionerd Fiz esse da√≠ e tudo que sei de Python se resume a ele.,caduzaodamassa
43,1532093720039940097,2022-06-01 20:16:22+00:00,"@notyourjaq N√£o conhecia esse D3, muito interessante. Pq voc√™ precisaria desse python no meio do caminho a√≠?",heitordelima
44,1532092851890307075,2022-06-01 20:12:55+00:00,@errorNumber09 o problema √© que python n√£o presta pra interface gr√°fica,pattstarlight
45,1532092810832248836,2022-06-01 20:12:45+00:00,"@heitordelima E √© MUITO bo fazer Python pra executar R e visualizar em D3...
At√© o fim do ano eu pego a certifica√ß√£o da Microsoft meio q √† contragosto mas aceitando pela simplicidade. Mas um ambiente R direto ia ser ""lindimais""...",notyourjaq
46,1532092155698810880,2022-06-01 20:10:09+00:00,Toda vez q eu uso o Python pra fazer um c√°lculo simples me sinto como se estivesse usando uma bazuca pra matar um mosquito üòÇüòÇüòÇ,Nondas1
47,1532090991863287808,2022-06-01 20:05:31+00:00,"üìö Dica 1 para conciliar o trabalho e os estudos: fa√ßa um planejamento semanal, incluindo os momentos reservados para o estudo alternados ao trabalho (dia e hor√°rio).

#dev #javascript #python #rubyonrails #vuejs",caiena_dev
48,1532090988201664512,2022-06-01 20:05:31+00:00,"Quer dicas para equilibrar a rotina de trabalho com os estudos sobre desenvolvimento? üìö Ent√£o siga o fio! üß∂

#dev #javascript #python #rubyonrails #vuejs",caiena_dev
49,1532089235586572290,2022-06-01 19:58:33+00:00,"Agora √© s√©rio, eu refiz todo o python, se faltar algum linha nesse rol√™ eu mato algu√©m",IginoOBrabo
50,1532087640836943872,2022-06-01 19:52:13+00:00,To querendo fazer umas Lives estudando sobre uma linguagem de programa√ß√£o tomar coragem na cara hoje. Quero muito me aprofundar em Python para analise de dados ( tenho pouco conhecimento em Programa√ß√£o) espero que de certo vou fazer lives todos os dias as 20h no horario de SP,obigodeme
51,1532087549807710209,2022-06-01 19:51:51+00:00,BairesDev oferece vaga para Sergipe-SEDesenvolvedor Python Aut√™ntico Trabalho Remoto Ref 0071P https://t.co/027MpAw18w,infojobsTI
52,1532087332882591745,2022-06-01 19:50:59+00:00,BairesDev oferece vaga para Mato Grosso do Sul-MSDesenvolvedor Python Aut√™ntico Trabalho Remoto Ref 0071P https://t.co/aAQgWAL6bM,infojobsTI
53,1532087289417019396,2022-06-01 19:50:49+00:00,BairesDev oferece vaga para Par√°-PADesenvolvedor Python Aut√™ntico Trabalho Remoto Ref 0071P https://t.co/mPbZEkd0HD,infojobsTI
54,1532087252544851974,2022-06-01 19:50:40+00:00,BairesDev oferece vaga para Piau√≠-PIDesenvolvedor Python Aut√™ntico Trabalho Remoto Ref 0071P https://t.co/RwBsL7HkxP,infojobsTI
55,1532087246777683969,2022-06-01 19:50:39+00:00,BairesDev oferece vaga para Amazonas-AMDesenvolvedor Python Aut√™ntico Trabalho Remoto Ref 0071P https://t.co/ajM7zGZdJH,infojobsTI
56,1532087223985881089,2022-06-01 19:50:33+00:00,BairesDev oferece vaga para S√£o Paulo-SPDesenvolvedor Python Aut√™ntico Trabalho Remoto Ref 0071P https://t.co/eGewxJ6fGU,infojobsTI
57,1532086161149141001,2022-06-01 19:46:20+00:00,Certeza que esse professor de filosofia √© usu√°rio de python.,MMVianakj
58,1532085770248507394,2022-06-01 19:44:47+00:00,"comecei a aprender programa√ß√£o por python pq todo mundo disse que √© mais f√°cil 

??? eu so burra ent√£o, decretado",odeiootaku_
59,1532083198133518336,2022-06-01 19:34:33+00:00,"@gwidion @adorilson @dunossauro @rochacbruno @PotHix Python faz isso desse jeito j√° faz algum tempo. √â s√≥ ver a DB-API, WSGI, ASGI, ... Acho um jeito inteligente de lidar com diferentes necessidades: padroniza o que √© consenso e deixa os implementadores se quebrarem üôÇ",osantana
60,1532082416764043267,2022-06-01 19:31:27+00:00,Finalmente meu certificado de Python saiu üôåüèªüôåüèªüôåüèª,belasoussa
61,1532082192066781184,2022-06-01 19:30:33+00:00,"@raelmax Eu gosto dos type hints. Eu s√≥ vejo eles me ajudando e nunca atrapalhando, ent√£o √© bom.

Acho que passei tempo demais no Java antes de voltar pro python. O complicado √© conseguir tipar corretamente usando generics do Java e com o Sonar reclamando quando voc√™ usa wildcard.",vbmendes
62,1532081186142662656,2022-06-01 19:26:34+00:00,"@dqsandinnertext @BolhaTech substitua null por qualquer que seja a entidade que define vazio explicitamente na linguagem (no caso do python, seria None) (no caso do JS, seria null) e assim por diante",marcell_mz
63,1532080896966553600,2022-06-01 19:25:25+00:00,"@dqsandinnertext @BolhaTech eu sigo o padr√£o do lint do python: consist√™ncia.

se √© uma fun√ß√£o sem nenhum return al√©m do seu vazio, boto s√≥ ""return"" com undefined impl√≠cito

se √© uma fun√ß√£o com outros ""return algo"" ent√£o eu coloco ""return null"" pra seguir o padr√£o de ""algo"", vazio expl√≠cito √© sempre null",marcell_mz
64,1532079067377258496,2022-06-01 19:18:08+00:00,"@_lluscas_ Me mandaram um e-mail oferecendo um trabalho pra mexer com uns neg√≥cios de Python, at√© era interessante mas eu n√£o gosto de Python e na verdade eu recusei mais por causa do hor√°rio que n√£o ia dar muito certo",dimasdecastro
65,1532075026039586817,2022-06-01 19:02:05+00:00,"Vaguinha passando na sua tl! üë®‚Äçüíªüó£Ô∏èüì£

#bolhadev #python

Repo: backendbr
Postado em: 01/06/2022
Tags: CLT - PHP - Python

Descri√ß√£o da vaga: 
Esta √© uma vaga de um parceiro da plataforma Coodesh, ao candidatar-s...

Link: https://t.co/5BM54wrkkM",tech_diobis
66,1532074776222744576,2022-06-01 19:01:05+00:00,BairesDev oferece vaga para Mato Grosso do Sul-MSDesenvolvedor Python Jedi Trabalho Remoto Ref 0071P https://t.co/DbF2tMX2eg,infojobsTI
67,1532074661944643585,2022-06-01 19:00:38+00:00,BairesDev oferece vaga para S√£o Paulo-SPDesenvolvedor Python Jedi Trabalho Remoto Ref 0071P https://t.co/GdutXcAJ2m,infojobsTI
68,1532074081838723072,2022-06-01 18:58:20+00:00,no meu caso v√£o ser uns programas de m√©dia em python kkkkkkk https://t.co/7pd6puLkGC,ThunderShout
69,1532071248205053952,2022-06-01 18:47:04+00:00,"Vaguinha passando na sua tl! üë®‚Äçüíªüó£Ô∏èüì£

#bolhadev #python

Repo: backendbr
Postado em: 01/06/2022
Tags: CLT - PHP - Python

Descri√ß√£o da vaga: 
Esta √© uma vaga de um parceiro da plataforma Coodesh, ao candidatar-s...

Link: https://t.co/5BM54wrSak",tech_diobis
70,1532069600216895488,2022-06-01 18:40:31+00:00,"@itsmeirineu Oxe, que nd, python √© pra amador, o neg√≥cio √© brainfuck:
https://t.co/OEj1kdELYS",sseveein
71,1532067392393605120,2022-06-01 18:31:45+00:00,"t√¥ programando em python, mas l√≥gica de programa√ß√£o √© um ngc incr√≠vel",gaaardenn
72,1532065997204508673,2022-06-01 18:26:12+00:00,"@ViUmaVaga Traz vagas para ""j√∫nior"" e ""trainee"" principalmente para Javascript, React e Python. A√≠ o bot ficar√° bastante busy!",vinnizius
73,1532064549158805504,2022-06-01 18:20:27+00:00,"Iniciando meu terceiro curso de Python. Desta vez um gratuito do Youtube, do Curso em v√≠deo. Agora vai!

T√¥ frustrado! Mas prometi que este ano aprenderia Python e n√£o vou recuar nessa porra.",CandangoMA
74,1532062721696378881,2022-06-01 18:13:11+00:00,"Agora vou tentar algumas altera√ß√µes com o Selenium no Python.
E com o VirtualDisplay",plini_o
75,1532062295576092672,2022-06-01 18:11:30+00:00,"a prfessra da cadeira de python passou uma atividade foda sobre python, prolog, java e alguns fundamentos de programa√ß√£o e a galera foi reclamar no grupo da sala, falando que alguns conteudos nao foram dados. ai ela mandou um ""mas isso √© logica de programa√ß√£o vcs devem saber""",felipeirasss
76,1532062189749784577,2022-06-01 18:11:05+00:00,"@osantana Eu que fui criado no Java e acabei no PHP, curti quando a linguagem ganhou suporte a tipos. Mas posso estar fazendo uma compara√ß√£o tosca pq n√£o sei se os tipos do Python s√£o como Typescript, que n√£o valem (quase) nada em execu√ß√£o porque no final das contas vira tudo Javascript.",gstrb
77,1532062069918662656,2022-06-01 18:10:36+00:00,Uma semana que estou tentando colocar o crawler em produ√ß√£o. J√°  fiz e refiz vers√µes em Python e JavaScript.,plini_o
78,1532060960789516289,2022-06-01 18:06:12+00:00,@danilologic √â bem em python mesmo kkkkk,thiagomcosta8
79,1532059923273875457,2022-06-01 18:02:04+00:00,"Vaguinha passando na sua tl! üë®‚Äçüíªüó£Ô∏èüì£

#bolhadev #python

Repo: backendbr
Postado em: 01/06/2022
Tags: CLT - Pleno - Python

Sobre a Passei Direto

Prazer, somos a **PD**, parte do ecossistema **UOL EdTech** e ...

Link: https://t.co/L8wjRR5DC1",tech_diobis
80,1532059657199849472,2022-06-01 18:01:01+00:00,"Ser√° que fa√ßo videos de tutoriais de Git/Github, Java, Python, dados e outras coisas que sei?",pedroivo_vh
81,1532058559428456448,2022-06-01 17:56:39+00:00,"Pandas is magical!!!
#Python 
#I4G 
#100DaysOfCode 
#IngressiveForGood
#DataScience 
#Datacamp",NjiChe1
82,1532056148462796801,2022-06-01 17:47:04+00:00,"Vaguinha passando na sua tl! üë®‚Äçüíªüó£Ô∏èüì£

#bolhadev #python

Repo: backendbr
Postado em: 01/06/2022
Tags: CLT - Pleno - Python

Sobre a Passei Direto

Prazer, somos a **PD**, parte do ecossistema **UOL EdTech** e ...

Link: https://t.co/L8wjRQNunT",tech_diobis
83,1532053928824774658,2022-06-01 17:38:15+00:00,"@osantana @FilipeCifali o pior mesmo √© gente qu echga no ""dia 0"" de ensinar Python e j√° mostra fun√ß√µes assim. desculpa, ""gente"" n√£o: esses seres a√≠ n√£o s√£o gente n√£o.",gwidion
84,1532051892066476039,2022-06-01 17:30:09+00:00,"O cara reclama de Java, C# e PHP
dai vai ver a linguagem que ele gosta: python
tenha santa paci√™ncia.",Garchy7
85,1532051757412626438,2022-06-01 17:29:37+00:00,"@KonaiTech Uma Vaga para um profissional com toda essa expertise? S√™nior em cinco linguagens C++, GoLang, Kotlyn, Python e TypeScript?",AgroecologyMap
86,1532050928706142211,2022-06-01 17:26:20+00:00,"Vieram me abordar no LinkedIn pra uma vaga de Python pq tenho muito o perfil! 
N√£o tenho nenhuma experi√™ncia com python e nem tenho vontade hehehe",jotapemd
87,1532050370448465922,2022-06-01 17:24:07+00:00,"obrigado python, me fazendo fazer um jogo de jokenpo com computador, pra mostrar o qu√£o eu sou sozinho

@BolhaTech https://t.co/2ztebGCMdw",leofariavx
88,1532047954105729024,2022-06-01 17:14:30+00:00,"J√° faz tempo que estou codando com anota√ß√£o de tipos em Python . Recentemente, por usar FastAPI/Pydantic, o uso de annotations √© praticamente compuls√≥rio.

Ainda n√£o vi ganhos. Pelo contr√°rio. Programar na minha linguagem favorita, que antes era prazeroso, se tornou em sofrimento",osantana
89,1532045967410839554,2022-06-01 17:06:37+00:00,"Vaga: Desenvolvedor BackEnd JUNIOR

Requisitos: conhecimento avan√ßado em Python 

ü§°ü§°ü§°",http_peach2511
90,1532045353784164353,2022-06-01 17:04:11+00:00,"@calalleni @lskbr @dunossauro @fmasanori @PyLadiesBrasil @InspirAdaNaComp @Lidy_Monteiro Tem a lista de email oficial da Python Brasil no Google Groups:
https://t.co/SEp76A0T5X
(basicamente √© s√≥ vc se inscriver e depois mandar email com sua duvida para python-brasil@googlegroups.com )",luzfcb
91,1532044834223054851,2022-06-01 17:02:07+00:00,"@calalleni @lskbr @dunossauro @fmasanori Se voc√™ tiver duvidas, e precisar de ajuda, sempre pode contar com as mulheres do @PyLadiesBrasil  @InspirAdaNaComp 
(@Lidy_Monteiro vou summonar vc aqui. Se tiver alguma dica para a Helena de comunidade Python em Minas)",luzfcb
92,1532044426968805378,2022-06-01 17:00:30+00:00,"Django Developer (junior) @ Advertio

https://t.co/IVyRgg65QQ

#Django #Python #workfromhome #remotework #remote",remotefportugal
93,1532044425936920576,2022-06-01 17:00:29+00:00,"Django Developer (mid/senior) @ Advertio

https://t.co/eJa7z6k4FW

#Django #Python #workfromhome #remotework #remote",remotefportugal
94,1532043280120160256,2022-06-01 16:55:56+00:00,"@Uzyboy_ √â que tem outras t√©cnicas pra isso

No caso do python, ele √© muito f√°cil de bagun√ßar come√ßando pelo fato de n√£o ter chaves {} pra definir escopo, usando s√≥ identa√ß√£o

Java e C# vc pode dividir o c√≥digo em m√©todos de nomes auto-explicativos, e usar nomes bons nas vari√°veis globais",Klyte45
95,1532042569714216964,2022-06-01 16:53:07+00:00,"@calalleni @lskbr o @dunossauro regularmente faz lives falando sobre Python e coisas relacionadas.
https://t.co/33FjrUVQUI",luzfcb
96,1532042307205210113,2022-06-01 16:52:04+00:00,"@joaovillalobos Tenho, mas comprei para o meu filho. √â ele que mexe nisso. Anda a aprender Python e pediu-me um raspberry para automatizar o autoclismo porque se esquecia sempre de o puxar.",klassified
97,1532042091337027585,2022-06-01 16:51:13+00:00,"@calalleni Se voc√™ aprender melhor por livros, eu recomendo o ""Introdu√ß√£o √† Programa√ß√£o com Python: Algoritmos e L√≥gica de Programa√ß√£o Para iniciantes"" escrito pelo @lskbr https://t.co/fWOGPQsio1",luzfcb
98,1532040056248184832,2022-06-01 16:43:07+00:00,"@naruteirarabuda pra python eu s√≥ consigo usar o pycharm, tentei o vscode e n√£o rolou kkkkkkkkkkkkkkkk",bxdm_
99,1532039776353849344,2022-06-01 16:42:01+00:00,"Essa coisa do biroliro querer fazer ""perguntas combinadas"" nos debates me fez imaginar ele ERRANDO ao responder essas perguntas combinadas a l√° Monthy Python:
""Qual sua cor favorita?""
""Azul!... N√£o, verde! Droga!""",MrSaints619
100,1532036735147843586,2022-06-01 16:29:56+00:00,"Sou do time de Python, mesmo n√£o sabendo a linguagem https://t.co/ibz4AKfmBA",TheDevick
101,1532030409265102848,2022-06-01 16:04:47+00:00,"ainda pensando em qual linguagem eu vou focar, python ou java? outra?",twdsorry
102,1532029771307261955,2022-06-01 16:02:15+00:00,@Israel_ol7 Tem que saber algum tipo de programa√ß√£o pra come√ßar no Python?,MarcioOshiroLHP
103,1532028243494174724,2022-06-01 15:56:11+00:00,"@coproduto Live de Python. Toda semana √© um aprendizado diferente, mesmo se for sobre um assunto que j√° conhe√ßo",gean_dreson
104,1532026230047920129,2022-06-01 15:48:11+00:00,@pattstarlight Essa putaria toda pra mandar o cara acertar uma senha predefinida ? Nunca q eu saio do python pra ir pra essa fam√≠lia do C,errorNumber09
105,1532025353182629888,2022-06-01 15:44:42+00:00,"Python &gt;&gt;&gt;

Print('melhor linguagem de programa√ß√£o!')",hobbit_ent
106,1532022178417455104,2022-06-01 15:32:05+00:00,"Vaguinha passando na sua tl! üë®‚Äçüíªüó£Ô∏èüì£

#bolhadev #python

Repo: backendbr
Postado em: 01/06/2022
Tags: CLT - Pleno - Python

Sobre a Passei Direto

Prazer, somos a **PD**, parte do ecossistema **UOL EdTech** e ...

Link: https://t.co/L8wjRR55Mt",tech_diobis
107,1532022036427681793,2022-06-01 15:31:31+00:00,"Com Django e Python, criei um joguinho chamado Guess My Choice que advinha qual item voc√™ memorizou: https://t.co/f8juwKKO5N

Fiz o deploy no Heroku.
Est√° sem um bom front end ainda, mas j√° √© responsivo pra mobile.",mayconblopes
108,1532021687998218240,2022-06-01 15:30:08+00:00,Ataque de ‚Äútyposquatting‚Äù em um dos m√≥dulos Python mais  populares: o m√≥dulo ‚Äúrequests‚Äù registra 50 milh√µes de instala√ß√µes  semanais atrav√©s do PyPI e a t√©cnica de typosquatting se baseia  em erros de digita√ß√£o comuns ao se digitar em um teclado. Um  √∫nico ator malicioso teria,BotDeschamps
109,1532019731791855616,2022-06-01 15:22:22+00:00,"Finally, sinceramente n√£o sei a resist√™ncia que o povo tem a python (apesar do que sou suspeito pra falar, basicamente s√≥ uso python) https://t.co/duj63HIxz0",guilherme2k15
110,1532016263437877249,2022-06-01 15:08:35+00:00,"@NihilFuck @simasware Opa, primeiro trampo com programa√ß√£o, estagi√°rio, todo trampo me jogavam no meio e que se lasque, entrei como est√°gio de python, primeiro trampo, tudo em php, chorei sangue mas fiz, segundo trampo, integra√ß√£o de loja novamente em php, que se lasque...",Sheep666DKM
111,1532013417514643459,2022-06-01 14:57:16+00:00,@calalleni Pq existem tarefas cotidianas nesse segmento que Python pode ajudar.,celin_js
112,1532007564598198275,2022-06-01 14:34:01+00:00,"Primeira palestra da trilha de IA e Machine Learning muito interessante, mostrando a cria√ß√£o de uma assistente virtual com #Python e integrando com Slack #thedevconf",senhor_caveira
113,1532003731507748866,2022-06-01 14:18:47+00:00,"seguinte tl

algu√©m d√° um pequeno projeto/script em python pra eu fazer

eu simplesmente n√£o consigo tirar um projeto do cy pra estudar essa porra e to cansado de ficar lendo aulinha de docs",irarabarbara
114,1532003213418848256,2022-06-01 14:16:43+00:00,"Programar em python √© assim:

Opa faltou um TAB
AAAAAAAA ERRO DE INDENTA√á√ÉO
af n√£o quer ler essa linha, as era s√≥ dar mais um TAB",SeixasBrunos
115,1532003020417925122,2022-06-01 14:15:57+00:00,"@jejeu_lucs @pequeno_jovem @matheuss_mso algum recrutador at√© ca√ßando gente, as provas s√£o em ingl√™s por√©m s√£o bem de boas, a√≠ tem por exemplo exame de js, Java, python, web, MySQL... Enfim

O resto √© s√≥ esperar os recrutadores ou se candidatar em vagas que for achando, entrevista n√£o vai faltar pra tu",arthurandoyou
116,1532002136929730561,2022-06-01 14:12:27+00:00,"Qual a rela√ß√£o entre Gols Esperados(xG) e Posse de Bola(Poss) e sua influ√™ncia na temporada?
O gr√°fico abaixo analisa esta rela√ß√£o nos dados dos campe√µes da 5 maiores ligas europeias.

#python #soccer #seaborn #matplotlib

Fonte: @fbref 
C√≥digo: https://t.co/g2hyqLnhyI https://t.co/4Axl11Nll8",saulo_foot
117,1532001391782281216,2022-06-01 14:09:29+00:00,Se n√£o fosse o drama da morte e destrui√ß√£o seria digno de um sketch dos Monty Python. https://t.co/VFtktihbvN,mwbaalbek
118,1532001338703364101,2022-06-01 14:09:17+00:00,"@Cardoso Python √© brabo, assim, lento pra caralho, mas √© brabo. Ainda lembro quando eu descobri que thread faz python ficar mais lento",matheusori
119,1532001320303042560,2022-06-01 14:09:12+00:00,@theluisribeiro Se n√£o fosse o drama da morte e destrui√ß√£o seria digno de um sketch dos Monty Python.,mwbaalbek
120,1531999991316852739,2022-06-01 14:03:55+00:00,"Pelo amor de deus S3rgi0, eu sou estudante de DIREITO pra QUE eu vou estudar sobre programa√ß√£o em Python???",calalleni
121,1531997748802854918,2022-06-01 13:55:01+00:00,@iagxferreira Quero inserir um c√≥digo em Python e executar ele 24/7.,Marcosgcr
122,1531996830011105280,2022-06-01 13:51:22+00:00,"@Marcosgcr depende do que voc√™ quer fazer, tem como utilizar a google cloud pra rodar seus notebooks em python, caso voc√™ queira deployar algum servi√ßo existem outras solu√ß√µes como o heroku",iagxferreira
123,1531995065400406016,2022-06-01 13:44:21+00:00,"Entraram no meu git e levaram 3 hello world, um em html, um em JavaScript e um em Python. Lament√°vel",webtoc
124,1531995032265412611,2022-06-01 13:44:13+00:00,Por que o Python √© t√£o importante nas finan√ßas? https://t.co/Bau9VZ4nZ6 #Python,prog_depre
125,1531994647215714304,2022-06-01 13:42:41+00:00,"@iagxferreira Vi um tweet seu e n√£o encontro mais.
Vc disse que fazia python na cloud do Google.
Por l√° consigo rodar o c√≥digo sem pagar?
Estou pesquisando sobre na Azure..",Marcosgcr
126,1531993552439455745,2022-06-01 13:38:20+00:00,@GabrielAbreeuS Voc√™ gosta de python,thallesthz1
127,1531992277404590082,2022-06-01 13:33:16+00:00,"@Rafinhafps muito boas escolhas, mas gosto mais de kyojin e python do que keoz",karma0701_
128,1531991269861470209,2022-06-01 13:29:16+00:00,"Subo uma inst√¢ncia de Airflow completa em k8s, com pg-bouncer lind√£o, com FluxCD automatizando as coisas e auth pelo Okta em 2 dias, mas escrever testes unit√°rios em Python eu levo 2 semanas. Por qu√™? Porque uma tarefa eu queria muito fazer e a outra n√£o.

Por que eu sou assim üò≠",bitbanshee
129,1531990790876155905,2022-06-01 13:27:22+00:00,mano meu professor simplesmente disse que usou um dicion√°rio em python e explicou o que era S√ì POR CIMA tipo MEU FILHO D√ä AULA,lovesickhyeon
130,1531988668608663555,2022-06-01 13:18:56+00:00,"vou fazer projetinho em python pra facool, felicidade",memoriesofyou__
131,1531987163004428291,2022-06-01 13:12:57+00:00,"@Israel_ol7 @lua_ferre Comecei a focar em python por conta da faculdade, fui obrigado. E acabei encontrando ouro.",isKitsune_sama
132,1531985933863636996,2022-06-01 13:08:04+00:00,"@lua_ferre Simmmmmm. A quantidade de est√°gios e programas de bolsa que perdi por que n√£o dominava nenhuma linguagem ainda (e me matando de estudar) me frustrava demais. 
Estudava um milh√£o de coisas e naaada. 
Comecei focar s√≥ no Python e j√° n√£o me sinto t√£o burro mais üòÇüòÇüòÇ",Israel_ol7
133,1531985187059511297,2022-06-01 13:05:06+00:00,@Israel_ol7 Pois √© dois. Focar em Python e n√£o se sentir culpada por estar perdendo um bilh√£o de oportunidades de estar fazendo 300 cursos de uma vez. Isso s√≥ atrasa.,lua_ferre
134,1531983941514706950,2022-06-01 13:00:09+00:00,"Posso estar enganado? Sim 
Mas a melhor decis√£o que tomei at√© agora, acredito que foi focar em Python. 
Tava estudando um monte de coisa aleat√≥ria separada. Quanto mais estudava pior ficava. 
Gra√ßas a uns anjos dessa bolha dev por a√≠, vi que o ideal era focar em uma s√≥ e seguir",Israel_ol7
135,1531983212767064064,2022-06-01 12:57:15+00:00,"[...] Comecei um curso de Python na Data Science Academy para me aprofundar em Python que eu j√° fiz alguns cursos e j√° utilizei, mas ainda sinto que necessito de aperfei√ßoamento e aprimoramento! Al√©m de adquirir um certificado para colocar no meu curr√≠culo, pois at√© hoje n√£o[...]",VidalAlehandro
136,1531981394494345216,2022-06-01 12:50:01+00:00,"@douglasamfm Se for olhar por essa pespectiva  c# ""dofi"" net a microsoft  meio fru fru, quem programa com o Python ""cobrinha"" tb hahahahaah",WemersonNino
137,1531980917807251456,2022-06-01 12:48:08+00:00,"üì£ Nova Oportunidade!

üßë‚Äçüíª S√™nior em #python e #ansible
üèôÔ∏è IBM
ü™ô R$¬†10.510
üìç Hortol√¢ndia, SP

Candidate-se agora! https://t.co/Uw7P8aGKa2

#empregos #jobs #vagas #tecnologia",Tecnovagas1
138,1531979124625088515,2022-06-01 12:41:00+00:00,@seufert Os coment√°rios a este twit s√£o melhores que rever os Monty Python :),mario_moreira
139,1531978145020133376,2022-06-01 12:37:07+00:00,mi entristece q voces nao curtem os filme do monty python realmente lamentavel,mariahmdsj
140,1531974113337614336,2022-06-01 12:21:05+00:00,‚ÄúMeus filhos escreveram c√≥digos melhores quando tinham 12 anos.‚Äù Elon Musk e Jackson Palmer est√£o envolvidos em uma batalha p√∫blica sobre um Python script que Palmer afirma reduzir a atividade de bots no Twitter. https://t.co/einsRzaga9,BrCointelegraph
141,1531972901045473281,2022-06-01 12:16:16+00:00,"E assistir na live: https://t.co/IHR8mvzctX
.
Curso: Python para usu√°rios de R
06.06 a 27.06.22, segundas e quintas-feiras, das 19 √†s 22h00
Saiba mais em: https://t.co/cccMsVA6lT
.
Conhe√ßa todos os cursos em: https://t.co/iR73bSltrr.
Esperamos voc√™!
.
#rstats #datascience #python",curso_r
142,1531972842086141957,2022-06-01 12:16:02+00:00,"RStudio √© a melhor IDE para fazer ci√™ncia de dados. R e python s√£o, no momento, as melhores linguagens para fazer ci√™ncia de dados. O RStudio foi criado para rodar R. Mas ser√° que o RStudio √© bom para rodar python?
.
Voc√™ pode ler mais sobre no artigo: https://t.co/OJh0w7SJmG https://t.co/kP0MDnIySe",curso_r
143,1531972119852105731,2022-06-01 12:13:10+00:00,Python 3.11 ganha maior desempenho em troca de ‚Äòum pouco mais de mem√≥ria‚Äô https://t.co/G2c6uNHugz,SempreUpdate
144,1531971483873988609,2022-06-01 12:10:39+00:00,"@2bernardo1 @naruteirarabuda sim, aula passada eu fazendo o sistema em python pra vcs",iurifantastico
145,1531970194075181058,2022-06-01 12:05:31+00:00,"Hoje eu sonhei que tinha um python (a cobra) dentro do gabinete do meu computador, acho que preciso trocar de linguagem de programa√ß√£o",POCmoona
146,1531964556607733764,2022-06-01 11:43:07+00:00,"Tem um aluno meu que curte muito programa√ß√£o, ta aprendendo Python pelo youtube e tal.
To dando m√©todo de Cramer na sala dele, mat√©ria dif√≠cil pacas, no final da aula hoje o muleque me apareceu com um c√≥digo pronto pra calcular os determinantes pra ele. Menino vai longe viu.",monogabri
147,1531960195491975169,2022-06-01 11:25:47+00:00,"Galera de Teresina e Regi√£o #Vumbora
#Python #Teresina #PUGPI #Piaui
PUG-PI 2022 https://t.co/N9fMZXu4lq https://t.co/bYjikbNS8T",pyhygor
148,1531957646978338818,2022-06-01 11:15:40+00:00,"@Dafeol @ivorafael @LINUXtipsBR exato, o Expert √© um pacote com os 4 modulos.

Sim, o objetivo √© passar o conhecimento necess√°rio para que voc√™ consiga desenvolver um programa Python do zero.

No BASE √© um programa de terminal (+ demonstra√ß√£o de game e desktop)

No Web um site + API",rochacbruno
149,1531955928836329475,2022-06-01 11:08:50+00:00,"@rochacbruno @ivorafael @LINUXtipsBR Bruno, obrigado pela aten√ß√£o. Ent√£o resumindo, o Python expert tem o mesmo conte√∫do, dos m√≥dulos separados, ou seja, √© um ""pacote"", certo? Outra d√∫vida, o conhecimento ministrado me daria suporte suficiente para desenvolver um programa/aplica√ß√£o completo, multiplaforma, sozinho?",Dafeol
150,1531952797654175746,2022-06-01 10:56:23+00:00,"@Devanil @FelippeRegazio toda essa coisa de ci√™ncias de dados em python que o pessoal tanto fala hoje, j√° havia muita gente fazendo o mesmo no excel com VBA a muito tempo",GuicoelhoDev
151,1531948483900493829,2022-06-01 10:39:15+00:00,@RamonVLima tmb mas s√≥ quando preciso hospedar um arquivo php no mais eu uso node ou python,Bru_unu
152,1531941242170490896,2022-06-01 10:10:28+00:00,"Gente, mandem aqui vagas de est√°gio. Preferencialmente Data Science (python).

Se for presencial (quase todos os est√°gios s√£o), tem que ser na cidade do RJ ou regi√£o metropolitana. Agrade√ßo.

cc @sseraphini",nyxstn
153,1531936250151804930,2022-06-01 09:50:38+00:00,Quando eu digo que voc√™ pode estudar/trabalhar com Python durante 20 anos e ainda ter coisas a aprender. https://t.co/XsBSN9qYps,rochacbruno
154,1531935989110808576,2022-06-01 09:49:36+00:00,"@Cardoso @letspoker N√£o sei exatamente o que tu precisa, mas olha isso a√≠:
https://t.co/ZV4eVpPxsl
N√£o √© Python, mas uma combina√ß√£o de coisas em shell com javascript (rodando em Node).",misaelbr
155,1531926735901581314,2022-06-01 09:12:50+00:00,"@0xDEADBEEFCAFE @rochacbruno @FawlerRobert @rennerocha @luizouguilherme Exato, em 10 anos uma pessoa pode passar por muitos frameworks, projetos, solu√ß√µes.
Como o @rochacbruno citou diversos, √© muito coisa de RH pedir tanto tempo em um √∫nico, talvez um ""10 anos de dev web Python"" fizesse mais sentido.",meszias
156,1531920295015198721,2022-06-01 08:47:14+00:00,"@meszias @FawlerRobert @rennerocha @luizouguilherme Trabalho com Python desde 2003, nesse per√≠odo usei v√°rios frameworks (e at√© ajudei a criar um) foi Pylons, Zope,  Repoze, Turbogears, Web2py, Bottle, Flask, Django, FastAPI.

Eu diria que uma pessoa precisa apenas saber HTTP, WSGI, POO, DB para dominar qualquer desses frameworks.",rochacbruno
157,1531919180450394112,2022-06-01 08:42:48+00:00,"@Dafeol @ivorafael @LINUXtipsBR Ol√°, no site em cada m√≥dulo tem um link para a grade do treinamento.

O Python BASE tem 64h de conte√∫do em v√≠deo, s√£o diversos exerc√≠cios pr√°ticos e um projeto completo de um programa de terminal.

O treinamento serve para quem n√£o tem conhecimento pr√©vio em programa√ß√£o.",rochacbruno
158,1531897426981814273,2022-06-01 07:16:22+00:00,"@zanfranceschi O App da receita deveria ser um aplicativo Python, GTK e rodar em Linux. O governo n√£o deve incentivar o uso de plataformas propriet√°rias.",0xDEADBEEFCAFE
159,1531896062327279617,2022-06-01 07:10:57+00:00,"@nicolettiFPS @sseraphini Isso significa que se voc√™ vai usar qualquer tecnologia n√£o propriet√°ria da MS, i.e. Java, Javascript, Python, Ruby, Docker, MySQL, Postgres, Kafka e afins eles foram constru√≠dos pensando num ambiente unix e por isso funcionam bem melhor l√°, se voc√™ tiver uma RAM infinita...",minimarvindroid
160,1531871662974574593,2022-06-01 05:33:59+00:00,"@raulxcrespo @sseraphini Abandone o Java, um ecossistema usado por grandes corpora√ß√µes e cada vez menos estudado pelos novos profissionais, e se dedique ao javascript e Python. Pelo menos assim vc nunca mais se sentir√° sozinho nos processos seletivos que for participar.",ruizalexandre
161,1531862619480547330,2022-06-01 04:58:03+00:00,Dois dias que fiquei sem celular comecei a aprender viol√£o e decidi fazer Python,InacioLibre
162,1531860355013410816,2022-06-01 04:49:03+00:00,@thoncansado Agora espera o c√≥digo Python ter 10k linhas de c√≥digo hahaha,naomijub
163,1531845161537388544,2022-06-01 03:48:41+00:00,"PC formatado e instalado. 
S√≥ instalei o ambiente java. Que o node e python se explodam no inferno.",PauloMatew
164,1531845028515131392,2022-06-01 03:48:09+00:00,"@F3l1p3 @pdroaugust @LukeberryPi @lorencinig Exatamente.

Al√©m de que mudar objetos comuns das linguagens √© algo extremamente complexo e para linguagens muito utilizadas com o Python, Breaking changes s√£o sempre evitadas.

Java na sua vers√£o 8 adicionou os conceitos de FP, e demorou ser adotado por conta disso.",brunocroh
165,1531844016148471817,2022-06-01 03:44:08+00:00,"@pdroaugust @LukeberryPi @brunocroh @lorencinig Como o conceito de reduce vem da programa√ß√£o funcional e n√£o da OO, ser m√©todo de algum objeto n√£o agrega mta coisa pra quem quer programar em Python num estilo pr√≥ximo a pf. Sem falar q √© uma sintaxe +simples e similar a de linguagens funcionais reais",F3l1p3
166,1531842982412009472,2022-06-01 03:40:01+00:00,Algum DEV - Python que utiliza framework DJANGO pode me dar um help aqui na moralzinha??,srjota_oficial
167,1531842062860988418,2022-06-01 03:36:22+00:00,"üì£ Nova Oportunidade!

üßë‚Äçüíª S√™nior em #python e #featuretoggle
üèôÔ∏è Tembici
ü™ô R$¬†7.130
üìç Remoto

Candidate-se agora! https://t.co/QsMOmfAlTg

#empregos #jobs #vagas #tecnologia",Tecnovagas1
168,1531840861293760512,2022-06-01 03:31:36+00:00,"Vaguinha passando na sua tl! üë®‚Äçüíªüó£Ô∏èüì£

#bolhadev #python

Repo: backendbr
Postado em: 30/05/2022
Tags: CLT - Pleno - Python

Liber Capital

A Squad Persas tem como objetivo desenvolver e manter produtos para a inte...

Link: https://t.co/HB6W4y2sXs",tech_diobis
169,1531838735297437696,2022-06-01 03:23:09+00:00,"me candidatei a uma vaga de python e eles me enviaram um link pra testes em .text e a porra n√£o abre 
√© brincadeira √© vei ?",afrogaara
170,1531833695299981313,2022-06-01 03:03:07+00:00,vai tomar no cu meu python nao rodava nunca a√≠ fui ver e o programa pradao pra abrir .py era o vscode,PaiDeBot
171,1531833389296263168,2022-06-01 03:01:54+00:00,"@F3l1p3 @LukeberryPi @brunocroh @lorencinig Python como sempre um pouco estranho nesse quesito de usar m√©todos que deveriam ser m√©todos do objeto.

Pq n√£o ter um m√©todo .reduce, igual como √© Ruby/Javascript.",pdroaugust
172,1531827838982160390,2022-06-01 02:39:51+00:00,"@mcnathalhao amiga a DSA Academy tem um de power Bi e outro de Python, ambos gratuitos com muito conte√∫do e bem did√°tico, os caras s√£o expert nesse tipo de forma√ß√£o. L√° tamb√©m tem outras forma√ß√µes pagas, inclusive data science.",gmellynx
173,1531821381570134016,2022-06-01 02:14:11+00:00,t√¥ aprendendo a programar em python mas n√£o sei instalar o pacote office https://t.co/6z8WiK7Spg,princsugar
174,1531819364822966279,2022-06-01 02:06:11+00:00,"@gabrielbba21 @_StaticVoid J√° na parte de enviar pro meu kindle, eu tinha um script em python que tamb√©m ficava olhando pra minha pasta de livros, e pegava todos os livros que tinham, mas diferen√ßa √© que eu precisava saber quais livros foram enviados e quais n√£o foram, a√≠ pra isso eu usei um sqlite+",ZezitZ
175,1531818647596982273,2022-06-01 02:03:20+00:00,"@_StaticVoid Antes eu sempre acordava atrasado pras minhas atividades
Com a ajuda do Jenkins e uma API em Python agora eu consigo fazer o meu celular emitir um som toda manha no mesmo hor√°rio e agora sempre acordo na hora",new_roncari
176,1531818395246678016,2022-06-01 02:02:19+00:00,"@gabrielbba21 @_StaticVoid Eu primeiro fiz um script em python que pegava todos os arquivos que do dir de download, verificava a extens√£o e dependendo da extens√£o ele movia o arquivo de lugar, eu rodava ele num cron job de 10s em 10s, e como era r√°pido n√£o tinha problema. As regras eram definidas +",ZezitZ
177,1531813838789697537,2022-06-01 01:44:13+00:00,"@samebutbrandnew @Saimonfga @_StaticVoid eu tenho um cron que roda a cada 24h e faz scraping de alguns itens que tenho interesse no ML e OLX

n√£o posso abrir ele em si, mas tem uns exemplos no github com python e node

https://t.co/dejGjR7Je5",educappellotto
178,1531813753301393410,2022-06-01 01:43:53+00:00,irm√£o vc quer me explicar sobre a √°rea que EU trabalho e estudo?? quer saber mais do que eu que trabalho com essa porra todos os dias pq um dia vc estudou um pouquinho sobre python ou Java te fuder,http_lalisantos
179,1531813250572206080,2022-06-01 01:41:53+00:00,"@gabuldev H√° um bom tempo atr√°s implementei uma solu√ß√£o usando backtracking e outra usando algoritmo guloso, em python... üòÖ https://t.co/IsPzJNuXam",snahhol
180,1531810413108547585,2022-06-01 01:30:36+00:00,"@phernandotelles Eu j√° vi v√°rios artistas diversificando portf√≥lio com programa√ß√£o. Com Python √© poss√≠vel fazer proje√ß√µes, programar a luz de espet√°culo, criar arranjos de m√∫sica. Tem os museus tbm que recebem obras com interven√ß√£o da tecnologia. Acho que mais do que ajudar no dia-a-dia,",aallanacardoso
181,1531809758797344776,2022-06-01 01:28:00+00:00,tenho at√© amanh√£ p entregar umas atividades de python e que morte viu,Gersongust1
182,1531809283146489856,2022-06-01 01:26:07+00:00,"@SovietLunox ah cara
logo Java
podia ser C, Python, Assembly
mas logo Java

piadas programador siga para mais piadas programavou me matar √†s 13:49",IWAntToDie_jpeg
183,1531808570408325120,2022-06-01 01:23:17+00:00,preciso pegar meu certificado de python mn vi umas vaguinha ali q pedia hein üëÄ,oiago
184,1531808224780902401,2022-06-01 01:21:55+00:00,"‚ÄúPai, pq meu nome √© t√£o estranho?‚Äù ‚ÄúSeu nome √© lindo Python SQL Infer√™ncia Gon√ßalves Barata‚Äù",_xjoaox
185,1531808190186266624,2022-06-01 01:21:46+00:00,Quem falou que Python √© f√°cil? Quero da um chute agora,thoncansado
186,1531807945897525250,2022-06-01 01:20:48+00:00,"@hellababx @sseraphini Ainda bem que o python tem POO
Programa√ß√£o orientada ao √≥dio",pedropgrangeiro
187,1531806897275297793,2022-06-01 01:16:38+00:00,"algum dia eu explico melhor, mas em resumo, o √öNICO ritual do Python √© esse aqui

ele transforma o bra√ßo em serpentes e atira para longe, esticando eles em alta velocidade e mudando de dire√ß√£o, de forma reta.

O nerf √© que ele s√≥ muda de dire√ß√£o se encostar em outra superfice// https://t.co/gxB59VRh5N",PythonMamba1
188,1531805624186576897,2022-06-01 01:11:35+00:00,"pensei q ia ser m√≥ suave fzr a lista/ep
cheguei em casa trebado e lembrei q n lembro porra de python nem da mat√©ria",pierob0n
189,1531805135248187396,2022-06-01 01:09:38+00:00,"Ideias de projetos em python:
70 projetos iniciantes, intermedi√°rios e avan√ßados com tutorial e c√≥digo
https://t.co/zZZhSA0WSc https://t.co/rvWO19quFH",SilvaEduardodev
190,1531805050296729602,2022-06-01 01:09:18+00:00,eu vo faze um curso de python pq eu to loco eu rto maluco eu to doido,PATODENOITE
191,1531804838627090432,2022-06-01 01:08:27+00:00,que orgulho do meu amigo aprendendo an√°lise de dados com python pra aplicar na √°rea dele ü§èüèªü•∫üíú todo empenhado,lletisousa
192,1531802699112624128,2022-06-01 00:59:57+00:00,"@aninha_dev @abraaomoreira_ @MarlonHenq @estudarforabr @coursera @edXOnline Por√©m existe um limite de cursos que voc√™ pode pedir de gra√ßa, no Coursera um tempo atr√°s era 1 a cada 6 meses ou uma especializa√ß√£o por ano... n√£o sei as regras atuais, mas fiz alguns cursos de Python e Django com aux√≠lio deles.",OCam_l
193,1531798870002438145,2022-06-01 00:44:44+00:00,"Aprendendo python no √≥dio p calar a boca do palestrinha universit√°rio da turma q n√£o para de falar todas as ‚ú®Ô∏èmaravilhosas solu√ß√µes‚ú®Ô∏è q ele pensou na aula

O cara n√£o deixa ngm falar, crlh",hellababx
194,1531798182514106370,2022-06-01 00:42:00+00:00,Resum√£o de #Python para iniciantes com aulas! [PT-BR] #pythonprogramming #pythondev #dormosheio #braziliandevs #beginners #tutorial https://t.co/q9q74ukOvF,PythonTrends
195,1531797960308178947,2022-06-01 00:41:07+00:00,Eu quebrei. Eu quebrei o python...,MitsuhaYN1
196,1531796331236409345,2022-06-01 00:34:39+00:00,Esta palestra come√ßar√° com texto n√£o estruturado e terminar√° com um grafo de conhecimento em Neo4j usando pacotes Python padr√£o para Processamento de Linguagem Natural. https://t.co/QCIAacmd0J,fabiano_adelino
197,1531795902352039936,2022-06-01 00:32:57+00:00,@flaviojuvenal @leozeba @_renatoOliveira @awscloud @tongueroo Manda um rt e cc a turma de Python que tu conhece üòÖ,dinizz
198,1531794706895626240,2022-06-01 00:28:12+00:00,"@zSparkiexZ @aYasmin_n @gle82oliveira No C√°ssio eu confio, mas o gilgeladeira e o Lucas python na lateral n√£o d√°",Farujix
199,1531793027517370369,2022-06-01 00:21:31+00:00,"@alfacinho__ Python tenho uma boa base, Java Script pode ser, j√° que tem o Node agora e tals",_jorge_melo_
200,1531792790660780033,2022-06-01 00:20:35+00:00,@_jorge_melo_ python e JavaScript s√£o presente e futuro,alfacinho__
201,1531789897127936000,2022-06-01 00:09:05+00:00,Celebrating Jos√© de Almada Negreiros #Python #Tweepy https://t.co/KCO0HIWuds,redmaytals
202,1531789502250893312,2022-06-01 00:07:31+00:00,"@naruteirarabuda Kct, a√≠ √© tenso... E nada te garante que vai funcionar 100%... Gostava muito da GoInsta, mas foi escrita em Go, e pra Python usei a InstaLooter, pro Facebook a depender do q seja rola pegar da API original",TioTodi
203,1531789371602526209,2022-06-01 00:07:00+00:00,usando o R como se fosse python e claramente dando tudo errado,sojustthisonce
204,1531788316751933440,2022-06-01 00:02:48+00:00,@_StaticVoid Vcs usam oq pra automa√ß√£o? Python?,Junj_e
205,1531788030419271680,2022-06-01 00:01:40+00:00,"@LenninAmora O triste √© que muitos dos cornojobs s√£o ""one time and specific motherfucker thing"". N√£o d√° nem pra pensar em uma interface python para automatizar. O tempo de constru√ß√£o do c√≥digo n√£o compensa para um √∫nico uso.",pedrolimach
206,1531788003772858368,2022-06-01 00:01:34+00:00,"Meu Deus, 2x que me perguntam se quero participar de processo seletivo s√≥ que pra Python e PJ.

Por que √© t√£o dif√≠cil uma propostinha dessa em front e CLT? 

#bolhadev #bolhatech",loren_amattos
